n,p,seed,game_stable_set_size,mis_size,ratio
10,0.1,0,8,9,0.8889
10,0.1,1,5,7,0.7143
10,0.1,2,6,7,0.8571
10,0.1,3,6,7,0.8571
10,0.1,4,7,8,0.875
10,0.1,5,7,7,1.0
10,0.1,6,7,7,1.0
10,0.1,7,5,6,0.8333
10,0.1,8,5,7,0.7143
10,0.1,9,5,7,0.7143
10,0.1,10,7,7,1.0
10,0.1,11,5,6,0.8333
10,0.1,12,5,6,0.8333
10,0.1,13,9,9,1.0
10,0.1,14,8,9,0.8889
10,0.1,15,6,8,0.75
10,0.1,16,6,7,0.8571
10,0.1,17,6,7,0.8571
10,0.1,18,9,9,1.0
10,0.1,19,7,8,0.875
10,0.1,20,7,7,1.0
10,0.1,21,6,7,0.8571
10,0.1,22,6,8,0.75
10,0.1,23,5,6,0.8333
10,0.1,24,6,6,1.0
10,0.1,25,7,7,1.0
10,0.1,26,5,7,0.7143
10,0.1,27,5,7,0.7143
10,0.1,28,7,8,0.875
10,0.1,29,8,9,0.8889
10,0.1,30,6,6,1.0
10,0.1,31,6,7,0.8571
10,0.1,32,5,7,0.7143
10,0.1,33,7,8,0.875
10,0.1,34,8,8,1.0
10,0.1,35,7,7,1.0
10,0.1,36,9,9,1.0
10,0.1,37,5,6,0.8333
10,0.1,38,7,8,0.875
10,0.1,39,7,8,0.875
10,0.1,40,5,8,0.625
10,0.1,41,7,8,0.875
10,0.1,42,4,5,0.8
10,0.1,43,5,6,0.8333
10,0.1,44,4,6,0.6667
10,0.1,45,4,5,0.8
10,0.1,46,7,7,1.0
10,0.1,47,7,7,1.0
10,0.1,48,8,9,0.8889
10,0.1,49,6,8,0.75
10,0.1,50,8,8,1.0
10,0.1,51,8,8,1.0
10,0.1,52,6,6,1.0
10,0.1,53,5,7,0.7143
10,0.1,54,6,8,0.75
10,0.1,55,7,7,1.0
10,0.1,56,5,7,0.7143
10,0.1,57,6,6,1.0
10,0.1,58,7,8,0.875
10,0.1,59,7,7,1.0
10,0.1,60,8,8,1.0
10,0.1,61,8,8,1.0
10,0.1,62,8,8,1.0
10,0.1,63,7,8,0.875
10,0.1,64,6,6,1.0
10,0.1,65,7,8,0.875
10,0.1,66,8,8,1.0
10,0.1,67,5,6,0.8333
10,0.1,68,7,8,0.875
10,0.1,69,6,6,1.0
10,0.1,70,6,8,0.75
10,0.1,71,5,6,0.8333
10,0.1,72,6,7,0.8571
10,0.1,73,6,8,0.75
10,0.1,74,8,8,1.0
10,0.1,75,4,6,0.6667
10,0.1,76,6,7,0.8571
10,0.1,77,4,8,0.5
10,0.1,78,7,8,0.875
10,0.1,79,7,7,1.0
10,0.1,80,7,8,0.875
10,0.1,81,7,8,0.875
10,0.1,82,6,6,1.0
10,0.1,83,6,8,0.75
10,0.1,84,6,8,0.75
10,0.1,85,9,9,1.0
10,0.1,86,7,7,1.0
10,0.1,87,7,8,0.875
10,0.1,88,6,8,0.75
10,0.1,89,5,7,0.7143
10,0.1,90,6,6,1.0
10,0.1,91,6,6,1.0
10,0.1,92,7,7,1.0
10,0.1,93,6,7,0.8571
10,0.1,94,4,6,0.6667
10,0.1,95,6,7,0.8571
10,0.1,96,5,7,0.7143
10,0.1,97,5,6,0.8333
10,0.1,98,5,6,0.8333
10,0.1,99,9,9,1.0
10,0.2,0,8,8,1.0
10,0.2,1,4,6,0.6667
10,0.2,2,5,6,0.8333
10,0.2,3,5,6,0.8333
10,0.2,4,4,6,0.6667
10,0.2,5,4,6,0.6667
10,0.2,6,6,7,0.8571
10,0.2,7,4,6,0.6667
10,0.2,8,4,6,0.6667
10,0.2,9,4,6,0.6667
10,0.2,10,4,6,0.6667
10,0.2,11,4,6,0.6667
10,0.2,12,3,6,0.5
10,0.2,13,6,6,1.0
10,0.2,14,4,5,0.8
10,0.2,15,5,8,0.625
10,0.2,16,5,6,0.8333
10,0.2,17,5,6,0.8333
10,0.2,18,5,7,0.7143
10,0.2,19,4,5,0.8
10,0.2,20,4,6,0.6667
10,0.2,21,4,6,0.6667
10,0.2,22,5,6,0.8333
10,0.2,23,5,5,1.0
10,0.2,24,4,6,0.6667
10,0.2,25,4,5,0.8
10,0.2,26,5,6,0.8333
10,0.2,27,4,5,0.8
10,0.2,28,5,5,1.0
10,0.2,29,5,7,0.7143
10,0.2,30,4,5,0.8
10,0.2,31,5,6,0.8333
10,0.2,32,4,5,0.8
10,0.2,33,5,6,0.8333
10,0.2,34,6,7,0.8571
10,0.2,35,5,7,0.7143
10,0.2,36,6,7,0.8571
10,0.2,37,4,6,0.6667
10,0.2,38,5,7,0.7143
10,0.2,39,4,6,0.6667
10,0.2,40,4,5,0.8
10,0.2,41,4,4,1.0
10,0.2,42,4,5,0.8
10,0.2,43,4,5,0.8
10,0.2,44,4,4,1.0
10,0.2,45,5,5,1.0
10,0.2,46,4,5,0.8
10,0.2,47,6,7,0.8571
10,0.2,48,4,5,0.8
10,0.2,49,4,7,0.5714
10,0.2,50,6,7,0.8571
10,0.2,51,7,7,1.0
10,0.2,52,4,5,0.8
10,0.2,53,5,6,0.8333
10,0.2,54,5,6,0.8333
10,0.2,55,6,6,1.0
10,0.2,56,4,5,0.8
10,0.2,57,6,6,1.0
10,0.2,58,5,6,0.8333
10,0.2,59,5,7,0.7143
10,0.2,60,6,6,1.0
10,0.2,61,5,7,0.7143
10,0.2,62,6,6,1.0
10,0.2,63,6,7,0.8571
10,0.2,64,4,5,0.8
10,0.2,65,7,7,1.0
10,0.2,66,6,7,0.8571
10,0.2,67,4,6,0.6667
10,0.2,68,6,6,1.0
10,0.2,69,5,6,0.8333
10,0.2,70,4,5,0.8
10,0.2,71,4,5,0.8
10,0.2,72,4,6,0.6667
10,0.2,73,6,6,1.0
10,0.2,74,5,6,0.8333
10,0.2,75,4,6,0.6667
10,0.2,76,4,7,0.5714
10,0.2,77,3,5,0.6
10,0.2,78,4,5,0.8
10,0.2,79,4,5,0.8
10,0.2,80,5,7,0.7143
10,0.2,81,6,7,0.8571
10,0.2,82,4,5,0.8
10,0.2,83,4,6,0.6667
10,0.2,84,5,6,0.8333
10,0.2,85,5,7,0.7143
10,0.2,86,4,6,0.6667
10,0.2,87,5,6,0.8333
10,0.2,88,4,5,0.8
10,0.2,89,5,6,0.8333
10,0.2,90,4,5,0.8
10,0.2,91,4,6,0.6667
10,0.2,92,6,6,1.0
10,0.2,93,4,5,0.8
10,0.2,94,4,5,0.8
10,0.2,95,4,5,0.8
10,0.2,96,4,7,0.5714
10,0.2,97,4,5,0.8
10,0.2,98,4,6,0.6667
10,0.2,99,6,7,0.8571
10,0.3,0,5,6,0.8333
10,0.3,1,3,4,0.75
10,0.3,2,5,6,0.8333
10,0.3,3,4,6,0.6667
10,0.3,4,4,5,0.8
10,0.3,5,3,5,0.6
10,0.3,6,4,6,0.6667
10,0.3,7,3,3,1.0
10,0.3,8,3,4,0.75
10,0.3,9,3,5,0.6
10,0.3,10,4,5,0.8
10,0.3,11,4,5,0.8
10,0.3,12,3,6,0.5
10,0.3,13,3,5,0.6
10,0.3,14,3,5,0.6
10,0.3,15,3,6,0.5
10,0.3,16,3,6,0.5
10,0.3,17,4,5,0.8
10,0.3,18,3,5,0.6
10,0.3,19,4,4,1.0
10,0.3,20,3,5,0.6
10,0.3,21,4,5,0.8
10,0.3,22,5,5,1.0
10,0.3,23,4,5,0.8
10,0.3,24,4,6,0.6667
10,0.3,25,4,5,0.8
10,0.3,26,4,5,0.8
10,0.3,27,4,5,0.8
10,0.3,28,3,4,0.75
10,0.3,29,4,6,0.6667
10,0.3,30,4,5,0.8
10,0.3,31,3,5,0.6
10,0.3,32,4,4,1.0
10,0.3,33,5,6,0.8333
10,0.3,34,4,5,0.8
10,0.3,35,4,6,0.6667
10,0.3,36,5,6,0.8333
10,0.3,37,4,6,0.6667
10,0.3,38,3,5,0.6
10,0.3,39,3,5,0.6
10,0.3,40,3,5,0.6
10,0.3,41,3,4,0.75
10,0.3,42,3,4,0.75
10,0.3,43,4,5,0.8
10,0.3,44,4,4,1.0
10,0.3,45,4,4,1.0
10,0.3,46,3,5,0.6
10,0.3,47,4,5,0.8
10,0.3,48,3,4,0.75
10,0.3,49,4,4,1.0
10,0.3,50,4,5,0.8
10,0.3,51,4,6,0.6667
10,0.3,52,4,5,0.8
10,0.3,53,3,5,0.6
10,0.3,54,3,5,0.6
10,0.3,55,4,6,0.6667
10,0.3,56,4,4,1.0
10,0.3,57,4,5,0.8
10,0.3,58,4,5,0.8
10,0.3,59,5,5,1.0
10,0.3,60,4,6,0.6667
10,0.3,61,5,5,1.0
10,0.3,62,3,6,0.5
10,0.3,63,5,5,1.0
10,0.3,64,3,5,0.6
10,0.3,65,4,5,0.8
10,0.3,66,5,6,0.8333
10,0.3,67,4,5,0.8
10,0.3,68,5,6,0.8333
10,0.3,69,4,6,0.6667
10,0.3,70,4,5,0.8
10,0.3,71,4,5,0.8
10,0.3,72,3,6,0.5
10,0.3,73,4,4,1.0
10,0.3,74,5,5,1.0
10,0.3,75,5,5,1.0
10,0.3,76,4,6,0.6667
10,0.3,77,3,5,0.6
10,0.3,78,4,4,1.0
10,0.3,79,3,5,0.6
10,0.3,80,3,5,0.6
10,0.3,81,5,5,1.0
10,0.3,82,3,5,0.6
10,0.3,83,4,5,0.8
10,0.3,84,4,5,0.8
10,0.3,85,5,5,1.0
10,0.3,86,3,5,0.6
10,0.3,87,3,5,0.6
10,0.3,88,4,5,0.8
10,0.3,89,4,5,0.8
10,0.3,90,4,5,0.8
10,0.3,91,4,5,0.8
10,0.3,92,4,6,0.6667
10,0.3,93,4,5,0.8
10,0.3,94,3,4,0.75
10,0.3,95,3,5,0.6
10,0.3,96,5,5,1.0
10,0.3,97,4,5,0.8
10,0.3,98,4,5,0.8
10,0.3,99,5,5,1.0
10,0.4,0,4,5,0.8
10,0.4,1,3,4,0.75
10,0.4,2,3,5,0.6
10,0.4,3,3,5,0.6
10,0.4,4,4,5,0.8
10,0.4,5,3,5,0.6
10,0.4,6,3,6,0.5
10,0.4,7,3,3,1.0
10,0.4,8,3,4,0.75
10,0.4,9,3,5,0.6
10,0.4,10,3,5,0.6
10,0.4,11,3,5,0.6
10,0.4,12,3,5,0.6
10,0.4,13,3,4,0.75
10,0.4,14,3,4,0.75
10,0.4,15,3,5,0.6
10,0.4,16,3,4,0.75
10,0.4,17,3,4,0.75
10,0.4,18,3,5,0.6
10,0.4,19,3,4,0.75
10,0.4,20,3,4,0.75
10,0.4,21,4,4,1.0
10,0.4,22,4,5,0.8
10,0.4,23,3,4,0.75
10,0.4,24,4,5,0.8
10,0.4,25,3,4,0.75
10,0.4,26,4,5,0.8
10,0.4,27,3,4,0.75
10,0.4,28,3,3,1.0
10,0.4,29,3,4,0.75
10,0.4,30,3,5,0.6
10,0.4,31,3,5,0.6
10,0.4,32,4,4,1.0
10,0.4,33,3,5,0.6
10,0.4,34,3,5,0.6
10,0.4,35,3,5,0.6
10,0.4,36,3,4,0.75
10,0.4,37,4,5,0.8
10,0.4,38,4,4,1.0
10,0.4,39,4,4,1.0
10,0.4,40,3,5,0.6
10,0.4,41,3,4,0.75
10,0.4,42,3,4,0.75
10,0.4,43,3,5,0.6
10,0.4,44,3,4,0.75
10,0.4,45,3,4,0.75
10,0.4,46,3,4,0.75
10,0.4,47,3,5,0.6
10,0.4,48,3,3,1.0
10,0.4,49,3,4,0.75
10,0.4,50,5,5,1.0
10,0.4,51,4,5,0.8
10,0.4,52,5,5,1.0
10,0.4,53,3,4,0.75
10,0.4,54,3,4,0.75
10,0.4,55,4,4,1.0
10,0.4,56,3,4,0.75
10,0.4,57,4,5,0.8
10,0.4,58,4,4,1.0
10,0.4,59,3,5,0.6
10,0.4,60,3,5,0.6
10,0.4,61,3,4,0.75
10,0.4,62,3,5,0.6
10,0.4,63,4,4,1.0
10,0.4,64,3,4,0.75
10,0.4,65,3,5,0.6
10,0.4,66,4,4,1.0
10,0.4,67,4,4,1.0
10,0.4,68,4,5,0.8
10,0.4,69,3,5,0.6
10,0.4,70,4,5,0.8
10,0.4,71,3,3,1.0
10,0.4,72,3,4,0.75
10,0.4,73,3,4,0.75
10,0.4,74,4,5,0.8
10,0.4,75,3,5,0.6
10,0.4,76,4,5,0.8
10,0.4,77,3,5,0.6
10,0.4,78,3,4,0.75
10,0.4,79,3,4,0.75
10,0.4,80,3,3,1.0
10,0.4,81,3,4,0.75
10,0.4,82,5,5,1.0
10,0.4,83,3,4,0.75
10,0.4,84,3,5,0.6
10,0.4,85,4,5,0.8
10,0.4,86,3,5,0.6
10,0.4,87,3,4,0.75
10,0.4,88,3,4,0.75
10,0.4,89,4,5,0.8
10,0.4,90,3,4,0.75
10,0.4,91,4,4,1.0
10,0.4,92,4,6,0.6667
10,0.4,93,3,4,0.75
10,0.4,94,3,4,0.75
10,0.4,95,4,4,1.0
10,0.4,96,3,4,0.75
10,0.4,97,3,5,0.6
10,0.4,98,3,4,0.75
10,0.4,99,3,4,0.75
10,0.5,0,3,4,0.75
10,0.5,1,3,3,1.0
10,0.5,2,3,4,0.75
10,0.5,3,3,4,0.75
10,0.5,4,4,5,0.8
10,0.5,5,3,4,0.75
10,0.5,6,3,5,0.6
10,0.5,7,2,3,0.6667
10,0.5,8,3,4,0.75
10,0.5,9,4,4,1.0
10,0.5,10,3,4,0.75
10,0.5,11,3,4,0.75
10,0.5,12,4,4,1.0
10,0.5,13,3,4,0.75
10,0.5,14,3,4,0.75
10,0.5,15,4,4,1.0
10,0.5,16,3,3,1.0
10,0.5,17,3,4,0.75
10,0.5,18,3,4,0.75
10,0.5,19,1,4,0.25
10,0.5,20,3,3,1.0
10,0.5,21,3,4,0.75
10,0.5,22,4,5,0.8
10,0.5,23,3,4,0.75
10,0.5,24,3,4,0.75
10,0.5,25,3,3,1.0
10,0.5,26,4,4,1.0
10,0.5,27,3,4,0.75
10,0.5,28,3,3,1.0
10,0.5,29,3,3,1.0
10,0.5,30,3,4,0.75
10,0.5,31,3,4,0.75
10,0.5,32,3,4,0.75
10,0.5,33,3,4,0.75
10,0.5,34,3,4,0.75
10,0.5,35,3,5,0.6
10,0.5,36,3,4,0.75
10,0.5,37,4,5,0.8
10,0.5,38,3,3,1.0
10,0.5,39,3,4,0.75
10,0.5,40,3,4,0.75
10,0.5,41,3,4,0.75
10,0.5,42,3,4,0.75
10,0.5,43,3,4,0.75
10,0.5,44,3,4,0.75
10,0.5,45,1,4,0.25
10,0.5,46,3,4,0.75
10,0.5,47,3,4,0.75
10,0.5,48,3,3,1.0
10,0.5,49,4,4,1.0
10,0.5,50,3,5,0.6
10,0.5,51,3,4,0.75
10,0.5,52,3,5,0.6
10,0.5,53,3,4,0.75
10,0.5,54,3,4,0.75
10,0.5,55,3,4,0.75
10,0.5,56,3,3,1.0
10,0.5,57,3,4,0.75
10,0.5,58,3,4,0.75
10,0.5,59,3,4,0.75
10,0.5,60,3,5,0.6
10,0.5,61,3,3,1.0
10,0.5,62,4,4,1.0
10,0.5,63,3,4,0.75
10,0.5,64,3,3,1.0
10,0.5,65,3,4,0.75
10,0.5,66,3,3,1.0
10,0.5,67,1,4,0.25
10,0.5,68,3,4,0.75
10,0.5,69,3,4,0.75
10,0.5,70,3,4,0.75
10,0.5,71,3,3,1.0
10,0.5,72,3,3,1.0
10,0.5,73,3,3,1.0
10,0.5,74,3,4,0.75
10,0.5,75,3,3,1.0
10,0.5,76,3,4,0.75
10,0.5,77,3,4,0.75
10,0.5,78,3,3,1.0
10,0.5,79,3,3,1.0
10,0.5,80,3,3,1.0
10,0.5,81,3,4,0.75
10,0.5,82,1,5,0.2
10,0.5,83,3,3,1.0
10,0.5,84,3,4,0.75
10,0.5,85,4,4,1.0
10,0.5,86,3,4,0.75
10,0.5,87,3,4,0.75
10,0.5,88,3,4,0.75
10,0.5,89,3,4,0.75
10,0.5,90,3,4,0.75
10,0.5,91,3,3,1.0
10,0.5,92,3,4,0.75
10,0.5,93,3,4,0.75
10,0.5,94,3,3,1.0
10,0.5,95,3,4,0.75
10,0.5,96,3,4,0.75
10,0.5,97,3,4,0.75
10,0.5,98,3,4,0.75
10,0.5,99,3,4,0.75
15,0.1,0,10,11,0.9091
15,0.1,1,7,11,0.6364
15,0.1,2,7,10,0.7
15,0.1,3,7,10,0.7
15,0.1,4,8,10,0.8
15,0.1,5,8,8,1.0
15,0.1,6,6,9,0.6667
15,0.1,7,7,9,0.7778
15,0.1,8,8,10,0.8
15,0.1,9,6,9,0.6667
15,0.1,10,7,9,0.7778
15,0.1,11,7,9,0.7778
15,0.1,12,7,10,0.7
15,0.1,13,10,11,0.9091
15,0.1,14,8,10,0.8
15,0.1,15,6,10,0.6
15,0.1,16,6,11,0.5455
15,0.1,17,8,8,1.0
15,0.1,18,12,12,1.0
15,0.1,19,7,10,0.7
15,0.1,20,7,9,0.7778
15,0.1,21,8,10,0.8
15,0.1,22,9,11,0.8182
15,0.1,23,7,11,0.6364
15,0.1,24,10,11,0.9091
15,0.1,25,6,9,0.6667
15,0.1,26,6,8,0.75
15,0.1,27,8,9,0.8889
15,0.1,28,7,10,0.7
15,0.1,29,9,10,0.9
15,0.1,30,9,9,1.0
15,0.1,31,8,11,0.7273
15,0.1,32,6,8,0.75
15,0.1,33,8,11,0.7273
15,0.1,34,9,9,1.0
15,0.1,35,6,7,0.8571
15,0.1,36,9,12,0.75
15,0.1,37,6,9,0.6667
15,0.1,38,7,10,0.7
15,0.1,39,7,9,0.7778
15,0.1,40,7,10,0.7
15,0.1,41,9,10,0.9
15,0.1,42,7,10,0.7
15,0.1,43,6,9,0.6667
15,0.1,44,6,8,0.75
15,0.1,45,7,8,0.875
15,0.1,46,7,9,0.7778
15,0.1,47,6,10,0.6
15,0.1,48,9,11,0.8182
15,0.1,49,9,11,0.8182
15,0.1,50,8,10,0.8
15,0.1,51,9,11,0.8182
15,0.1,52,7,9,0.7778
15,0.1,53,8,9,0.8889
15,0.1,54,9,11,0.8182
15,0.1,55,11,11,1.0
15,0.1,56,8,9,0.8889
15,0.1,57,10,10,1.0
15,0.1,58,8,11,0.7273
15,0.1,59,8,10,0.8
15,0.1,60,8,11,0.7273
15,0.1,61,10,11,0.9091
15,0.1,62,9,10,0.9
15,0.1,63,8,9,0.8889
15,0.1,64,7,10,0.7
15,0.1,65,10,11,0.9091
15,0.1,66,7,10,0.7
15,0.1,67,8,9,0.8889
15,0.1,68,9,12,0.75
15,0.1,69,9,10,0.9
15,0.1,70,8,10,0.8
15,0.1,71,7,9,0.7778
15,0.1,72,7,10,0.7
15,0.1,73,9,10,0.9
15,0.1,74,10,12,0.8333
15,0.1,75,8,9,0.8889
15,0.1,76,7,8,0.875
15,0.1,77,5,9,0.5556
15,0.1,78,7,9,0.7778
15,0.1,79,9,10,0.9
15,0.1,80,8,10,0.8
15,0.1,81,10,10,1.0
15,0.1,82,7,8,0.875
15,0.1,83,6,9,0.6667
15,0.1,84,8,9,0.8889
15,0.1,85,11,12,0.9167
15,0.1,86,7,10,0.7
15,0.1,87,8,10,0.8
15,0.1,88,8,10,0.8
15,0.1,89,7,10,0.7
15,0.1,90,8,9,0.8889
15,0.1,91,8,10,0.8
15,0.1,92,10,10,1.0
15,0.1,93,6,9,0.6667
15,0.1,94,7,9,0.7778
15,0.1,95,10,11,0.9091
15,0.1,96,6,11,0.5455
15,0.1,97,8,9,0.8889
15,0.1,98,6,10,0.6
15,0.1,99,8,11,0.7273
15,0.2,0,8,10,0.8
15,0.2,1,5,8,0.625
15,0.2,2,7,8,0.875
15,0.2,3,6,7,0.8571
15,0.2,4,5,7,0.7143
15,0.2,5,5,7,0.7143
15,0.2,6,6,8,0.75
15,0.2,7,7,8,0.875
15,0.2,8,5,8,0.625
15,0.2,9,5,6,0.8333
15,0.2,10,5,7,0.7143
15,0.2,11,4,8,0.5
15,0.2,12,5,7,0.7143
15,0.2,13,6,8,0.75
15,0.2,14,5,7,0.7143
15,0.2,15,6,8,0.75
15,0.2,16,4,8,0.5
15,0.2,17,5,8,0.625
15,0.2,18,7,8,0.875
15,0.2,19,4,7,0.5714
15,0.2,20,5,7,0.7143
15,0.2,21,7,8,0.875
15,0.2,22,6,9,0.6667
15,0.2,23,4,8,0.5
15,0.2,24,7,8,0.875
15,0.2,25,6,8,0.75
15,0.2,26,5,7,0.7143
15,0.2,27,5,8,0.625
15,0.2,28,6,7,0.8571
15,0.2,29,6,8,0.75
15,0.2,30,7,8,0.875
15,0.2,31,5,9,0.5556
15,0.2,32,5,6,0.8333
15,0.2,33,6,8,0.75
15,0.2,34,8,8,1.0
15,0.2,35,5,7,0.7143
15,0.2,36,5,10,0.5
15,0.2,37,5,8,0.625
15,0.2,38,5,7,0.7143
15,0.2,39,5,7,0.7143
15,0.2,40,4,6,0.6667
15,0.2,41,6,8,0.75
15,0.2,42,6,8,0.75
15,0.2,43,5,7,0.7143
15,0.2,44,5,8,0.625
15,0.2,45,6,7,0.8571
15,0.2,46,5,6,0.8333
15,0.2,47,5,9,0.5556
15,0.2,48,6,7,0.8571
15,0.2,49,7,9,0.7778
15,0.2,50,5,7,0.7143
15,0.2,51,7,8,0.875
15,0.2,52,4,7,0.5714
15,0.2,53,6,8,0.75
15,0.2,54,5,8,0.625
15,0.2,55,7,8,0.875
15,0.2,56,4,7,0.5714
15,0.2,57,5,7,0.7143
15,0.2,58,5,8,0.625
15,0.2,59,4,8,0.5
15,0.2,60,4,8,0.5
15,0.2,61,6,7,0.8571
15,0.2,62,6,7,0.8571
15,0.2,63,5,9,0.5556
15,0.2,64,5,7,0.7143
15,0.2,65,5,8,0.625
15,0.2,66,4,7,0.5714
15,0.2,67,5,7,0.7143
15,0.2,68,8,8,1.0
15,0.2,69,5,7,0.7143
15,0.2,70,4,9,0.4444
15,0.2,71,6,8,0.75
15,0.2,72,6,7,0.8571
15,0.2,73,6,7,0.8571
15,0.2,74,6,8,0.75
15,0.2,75,6,8,0.75
15,0.2,76,6,7,0.8571
15,0.2,77,4,7,0.5714
15,0.2,78,6,6,1.0
15,0.2,79,6,8,0.75
15,0.2,80,6,7,0.8571
15,0.2,81,7,7,1.0
15,0.2,82,6,7,0.8571
15,0.2,83,6,7,0.8571
15,0.2,84,4,7,0.5714
15,0.2,85,6,8,0.75
15,0.2,86,5,8,0.625
15,0.2,87,6,7,0.8571
15,0.2,88,6,8,0.75
15,0.2,89,5,7,0.7143
15,0.2,90,5,7,0.7143
15,0.2,91,5,7,0.7143
15,0.2,92,7,8,0.875
15,0.2,93,6,7,0.8571
15,0.2,94,4,7,0.5714
15,0.2,95,4,8,0.5
15,0.2,96,6,9,0.6667
15,0.2,97,6,7,0.8571
15,0.2,98,5,8,0.625
15,0.2,99,6,8,0.75
15,0.3,0,5,9,0.5556
15,0.3,1,4,6,0.6667
15,0.3,2,6,7,0.8571
15,0.3,3,5,7,0.7143
15,0.3,4,4,5,0.8
15,0.3,5,4,6,0.6667
15,0.3,6,5,6,0.8333
15,0.3,7,4,6,0.6667
15,0.3,8,4,6,0.6667
15,0.3,9,4,6,0.6667
15,0.3,10,4,6,0.6667
15,0.3,11,4,6,0.6667
15,0.3,12,5,7,0.7143
15,0.3,13,5,6,0.8333
15,0.3,14,4,6,0.6667
15,0.3,15,5,6,0.8333
15,0.3,16,4,6,0.6667
15,0.3,17,4,7,0.5714
15,0.3,18,5,7,0.7143
15,0.3,19,3,6,0.5
15,0.3,20,4,5,0.8
15,0.3,21,6,7,0.8571
15,0.3,22,5,8,0.625
15,0.3,23,4,7,0.5714
15,0.3,24,5,7,0.7143
15,0.3,25,4,6,0.6667
15,0.3,26,5,6,0.8333
15,0.3,27,5,7,0.7143
15,0.3,28,5,7,0.7143
15,0.3,29,5,6,0.8333
15,0.3,30,5,7,0.7143
15,0.3,31,4,7,0.5714
15,0.3,32,4,6,0.6667
15,0.3,33,5,8,0.625
15,0.3,34,5,6,0.8333
15,0.3,35,4,6,0.6667
15,0.3,36,4,7,0.5714
15,0.3,37,4,6,0.6667
15,0.3,38,3,6,0.5
15,0.3,39,4,6,0.6667
15,0.3,40,5,6,0.8333
15,0.3,41,4,7,0.5714
15,0.3,42,4,6,0.6667
15,0.3,43,4,6,0.6667
15,0.3,44,4,6,0.6667
15,0.3,45,6,6,1.0
15,0.3,46,4,6,0.6667
15,0.3,47,4,6,0.6667
15,0.3,48,4,6,0.6667
15,0.3,49,5,7,0.7143
15,0.3,50,5,7,0.7143
15,0.3,51,6,7,0.8571
15,0.3,52,4,6,0.6667
15,0.3,53,4,5,0.8
15,0.3,54,4,7,0.5714
15,0.3,55,5,7,0.7143
15,0.3,56,5,6,0.8333
15,0.3,57,4,6,0.6667
15,0.3,58,5,6,0.8333
15,0.3,59,5,7,0.7143
15,0.3,60,4,6,0.6667
15,0.3,61,4,6,0.6667
15,0.3,62,4,6,0.6667
15,0.3,63,6,6,1.0
15,0.3,64,4,7,0.5714
15,0.3,65,4,7,0.5714
15,0.3,66,4,6,0.6667
15,0.3,67,4,7,0.5714
15,0.3,68,5,7,0.7143
15,0.3,69,5,6,0.8333
15,0.3,70,3,7,0.4286
15,0.3,71,5,7,0.7143
15,0.3,72,4,7,0.5714
15,0.3,73,4,5,0.8
15,0.3,74,5,7,0.7143
15,0.3,75,4,8,0.5
15,0.3,76,5,6,0.8333
15,0.3,77,4,6,0.6667
15,0.3,78,5,5,1.0
15,0.3,79,4,6,0.6667
15,0.3,80,5,5,1.0
15,0.3,81,4,7,0.5714
15,0.3,82,5,6,0.8333
15,0.3,83,5,7,0.7143
15,0.3,84,4,6,0.6667
15,0.3,85,4,7,0.5714
15,0.3,86,4,7,0.5714
15,0.3,87,4,6,0.6667
15,0.3,88,4,7,0.5714
15,0.3,89,4,5,0.8
15,0.3,90,5,6,0.8333
15,0.3,91,5,7,0.7143
15,0.3,92,6,7,0.8571
15,0.3,93,4,6,0.6667
15,0.3,94,4,6,0.6667
15,0.3,95,4,7,0.5714
15,0.3,96,4,7,0.5714
15,0.3,97,4,6,0.6667
15,0.3,98,4,7,0.5714
15,0.3,99,4,7,0.5714
15,0.4,0,5,8,0.625
15,0.4,1,4,5,0.8
15,0.4,2,4,5,0.8
15,0.4,3,4,6,0.6667
15,0.4,4,3,5,0.6
15,0.4,5,3,5,0.6
15,0.4,6,4,6,0.6667
15,0.4,7,4,5,0.8
15,0.4,8,3,5,0.6
15,0.4,9,4,5,0.8
15,0.4,10,4,5,0.8
15,0.4,11,4,5,0.8
15,0.4,12,4,6,0.6667
15,0.4,13,4,5,0.8
15,0.4,14,4,5,0.8
15,0.4,15,4,5,0.8
15,0.4,16,3,4,0.75
15,0.4,17,4,5,0.8
15,0.4,18,4,7,0.5714
15,0.4,19,4,5,0.8
15,0.4,20,4,5,0.8
15,0.4,21,4,6,0.6667
15,0.4,22,4,6,0.6667
15,0.4,23,4,6,0.6667
15,0.4,24,4,5,0.8
15,0.4,25,3,5,0.6
15,0.4,26,4,6,0.6667
15,0.4,27,3,5,0.6
15,0.4,28,4,5,0.8
15,0.4,29,4,5,0.8
15,0.4,30,5,6,0.8333
15,0.4,31,4,5,0.8
15,0.4,32,4,5,0.8
15,0.4,33,4,6,0.6667
15,0.4,34,4,6,0.6667
15,0.4,35,4,5,0.8
15,0.4,36,3,5,0.6
15,0.4,37,4,6,0.6667
15,0.4,38,4,5,0.8
15,0.4,39,5,5,1.0
15,0.4,40,4,6,0.6667
15,0.4,41,3,6,0.5
15,0.4,42,5,5,1.0
15,0.4,43,4,6,0.6667
15,0.4,44,4,5,0.8
15,0.4,45,5,5,1.0
15,0.4,46,3,5,0.6
15,0.4,47,4,5,0.8
15,0.4,48,3,5,0.6
15,0.4,49,5,6,0.8333
15,0.4,50,4,6,0.6667
15,0.4,51,5,7,0.7143
15,0.4,52,4,5,0.8
15,0.4,53,4,5,0.8
15,0.4,54,4,6,0.6667
15,0.4,55,4,5,0.8
15,0.4,56,4,5,0.8
15,0.4,57,4,6,0.6667
15,0.4,58,4,5,0.8
15,0.4,59,3,5,0.6
15,0.4,60,5,5,1.0
15,0.4,61,3,5,0.6
15,0.4,62,3,5,0.6
15,0.4,63,4,6,0.6667
15,0.4,64,3,6,0.5
15,0.4,65,4,6,0.6667
15,0.4,66,4,5,0.8
15,0.4,67,4,6,0.6667
15,0.4,68,5,6,0.8333
15,0.4,69,4,5,0.8
15,0.4,70,3,5,0.6
15,0.4,71,3,5,0.6
15,0.4,72,4,5,0.8
15,0.4,73,5,5,1.0
15,0.4,74,4,6,0.6667
15,0.4,75,3,5,0.6
15,0.4,76,4,6,0.6667
15,0.4,77,4,6,0.6667
15,0.4,78,4,5,0.8
15,0.4,79,4,5,0.8
15,0.4,80,3,4,0.75
15,0.4,81,4,5,0.8
15,0.4,82,3,5,0.6
15,0.4,83,3,6,0.5
15,0.4,84,4,5,0.8
15,0.4,85,4,5,0.8
15,0.4,86,4,6,0.6667
15,0.4,87,4,4,1.0
15,0.4,88,4,5,0.8
15,0.4,89,4,4,1.0
15,0.4,90,4,5,0.8
15,0.4,91,4,6,0.6667
15,0.4,92,4,7,0.5714
15,0.4,93,4,6,0.6667
15,0.4,94,4,5,0.8
15,0.4,95,4,5,0.8
15,0.4,96,4,4,1.0
15,0.4,97,4,6,0.6667
15,0.4,98,4,6,0.6667
15,0.4,99,3,5,0.6
15,0.5,0,4,6,0.6667
15,0.5,1,3,5,0.6
15,0.5,2,3,5,0.6
15,0.5,3,4,6,0.6667
15,0.5,4,3,4,0.75
15,0.5,5,3,5,0.6
15,0.5,6,3,4,0.75
15,0.5,7,4,4,1.0
15,0.5,8,3,5,0.6
15,0.5,9,3,5,0.6
15,0.5,10,3,4,0.75
15,0.5,11,3,4,0.75
15,0.5,12,4,5,0.8
15,0.5,13,3,5,0.6
15,0.5,14,3,4,0.75
15,0.5,15,3,4,0.75
15,0.5,16,3,3,1.0
15,0.5,17,4,5,0.8
15,0.5,18,4,5,0.8
15,0.5,19,4,5,0.8
15,0.5,20,4,5,0.8
15,0.5,21,3,5,0.6
15,0.5,22,5,5,1.0
15,0.5,23,3,4,0.75
15,0.5,24,4,5,0.8
15,0.5,25,3,4,0.75
15,0.5,26,3,5,0.6
15,0.5,27,3,5,0.6
15,0.5,28,3,5,0.6
15,0.5,29,3,5,0.6
15,0.5,30,4,6,0.6667
15,0.5,31,3,5,0.6
15,0.5,32,3,4,0.75
15,0.5,33,3,5,0.6
15,0.5,34,3,5,0.6
15,0.5,35,4,5,0.8
15,0.5,36,4,4,1.0
15,0.5,37,3,5,0.6
15,0.5,38,3,5,0.6
15,0.5,39,3,5,0.6
15,0.5,40,3,4,0.75
15,0.5,41,3,4,0.75
15,0.5,42,4,5,0.8
15,0.5,43,5,5,1.0
15,0.5,44,3,4,0.75
15,0.5,45,3,5,0.6
15,0.5,46,3,4,0.75
15,0.5,47,4,5,0.8
15,0.5,48,3,4,0.75
15,0.5,49,4,5,0.8
15,0.5,50,3,5,0.6
15,0.5,51,5,5,1.0
15,0.5,52,3,5,0.6
15,0.5,53,3,4,0.75
15,0.5,54,3,4,0.75
15,0.5,55,3,4,0.75
15,0.5,56,3,4,0.75
15,0.5,57,3,4,0.75
15,0.5,58,3,4,0.75
15,0.5,59,3,5,0.6
15,0.5,60,4,5,0.8
15,0.5,61,3,4,0.75
15,0.5,62,3,4,0.75
15,0.5,63,3,4,0.75
15,0.5,64,4,5,0.8
15,0.5,65,4,5,0.8
15,0.5,66,3,4,0.75
15,0.5,67,4,5,0.8
15,0.5,68,4,5,0.8
15,0.5,69,4,5,0.8
15,0.5,70,3,5,0.6
15,0.5,71,3,4,0.75
15,0.5,72,4,5,0.8
15,0.5,73,3,5,0.6
15,0.5,74,5,5,1.0
15,0.5,75,3,4,0.75
15,0.5,76,3,5,0.6
15,0.5,77,3,4,0.75
15,0.5,78,3,5,0.6
15,0.5,79,3,5,0.6
15,0.5,80,3,4,0.75
15,0.5,81,3,4,0.75
15,0.5,82,3,4,0.75
15,0.5,83,3,4,0.75
15,0.5,84,3,4,0.75
15,0.5,85,3,5,0.6
15,0.5,86,4,5,0.8
15,0.5,87,3,4,0.75
15,0.5,88,3,5,0.6
15,0.5,89,3,4,0.75
15,0.5,90,3,4,0.75
15,0.5,91,3,5,0.6
15,0.5,92,4,5,0.8
15,0.5,93,4,5,0.8
15,0.5,94,3,4,0.75
15,0.5,95,4,5,0.8
15,0.5,96,3,4,0.75
15,0.5,97,4,5,0.8
15,0.5,98,3,5,0.6
15,0.5,99,3,4,0.75
20,0.1,0,11,14,0.7857
20,0.1,1,8,11,0.7273
20,0.1,2,10,11,0.9091
20,0.1,3,9,13,0.6923
20,0.1,4,8,11,0.7273
20,0.1,5,10,12,0.8333
20,0.1,6,10,11,0.9091
20,0.1,7,8,10,0.8
20,0.1,8,8,11,0.7273
20,0.1,9,6,10,0.6
20,0.1,10,10,12,0.8333
20,0.1,11,8,11,0.7273
20,0.1,12,11,11,1.0
20,0.1,13,10,12,0.8333
20,0.1,14,11,12,0.9167
20,0.1,15,10,12,0.8333
20,0.1,16,9,12,0.75
20,0.1,17,9,13,0.6923
20,0.1,18,11,14,0.7857
20,0.1,19,10,12,0.8333
20,0.1,20,8,12,0.6667
20,0.1,21,9,11,0.8182
20,0.1,22,9,12,0.75
20,0.1,23,9,12,0.75
20,0.1,24,9,12,0.75
20,0.1,25,9,11,0.8182
20,0.1,26,7,10,0.7
20,0.1,27,8,11,0.7273
20,0.1,28,8,11,0.7273
20,0.1,29,12,15,0.8
20,0.1,30,9,11,0.8182
20,0.1,31,8,12,0.6667
20,0.1,32,9,10,0.9
20,0.1,33,9,10,0.9
20,0.1,34,12,13,0.9231
20,0.1,35,9,11,0.8182
20,0.1,36,12,13,0.9231
20,0.1,37,8,11,0.7273
20,0.1,38,10,11,0.9091
20,0.1,39,7,11,0.6364
20,0.1,40,8,11,0.7273
20,0.1,41,10,13,0.7692
20,0.1,42,9,11,0.8182
20,0.1,43,8,12,0.6667
20,0.1,44,8,10,0.8
20,0.1,45,8,11,0.7273
20,0.1,46,8,10,0.8
20,0.1,47,8,10,0.8
20,0.1,48,8,11,0.7273
20,0.1,49,9,11,0.8182
20,0.1,50,10,11,0.9091
20,0.1,51,11,13,0.8462
20,0.1,52,8,13,0.6154
20,0.1,53,11,13,0.8462
20,0.1,54,9,12,0.75
20,0.1,55,10,13,0.7692
20,0.1,56,9,12,0.75
20,0.1,57,10,13,0.7692
20,0.1,58,9,11,0.8182
20,0.1,59,8,11,0.7273
20,0.1,60,8,11,0.7273
20,0.1,61,11,13,0.8462
20,0.1,62,11,14,0.7857
20,0.1,63,8,11,0.7273
20,0.1,64,7,10,0.7
20,0.1,65,10,15,0.6667
20,0.1,66,9,11,0.8182
20,0.1,67,8,10,0.8
20,0.1,68,11,13,0.8462
20,0.1,69,9,12,0.75
20,0.1,70,10,12,0.8333
20,0.1,71,9,13,0.6923
20,0.1,72,9,13,0.6923
20,0.1,73,10,12,0.8333
20,0.1,74,11,13,0.8462
20,0.1,75,10,12,0.8333
20,0.1,76,11,12,0.9167
20,0.1,77,6,11,0.5455
20,0.1,78,10,13,0.7692
20,0.1,79,11,12,0.9167
20,0.1,80,11,13,0.8462
20,0.1,81,11,11,1.0
20,0.1,82,10,11,0.9091
20,0.1,83,10,13,0.7692
20,0.1,84,10,12,0.8333
20,0.1,85,11,12,0.9167
20,0.1,86,10,12,0.8333
20,0.1,87,10,11,0.9091
20,0.1,88,11,14,0.7857
20,0.1,89,8,12,0.6667
20,0.1,90,9,13,0.6923
20,0.1,91,12,13,0.9231
20,0.1,92,8,12,0.6667
20,0.1,93,11,12,0.9167
20,0.1,94,9,12,0.75
20,0.1,95,11,13,0.8462
20,0.1,96,11,14,0.7857
20,0.1,97,9,12,0.75
20,0.1,98,9,12,0.75
20,0.1,99,10,13,0.7692
20,0.2,0,8,10,0.8
20,0.2,1,5,9,0.5556
20,0.2,2,6,10,0.6
20,0.2,3,8,9,0.8889
20,0.2,4,5,8,0.625
20,0.2,5,6,10,0.6
20,0.2,6,8,9,0.8889
20,0.2,7,5,8,0.625
20,0.2,8,5,9,0.5556
20,0.2,9,5,8,0.625
20,0.2,10,8,9,0.8889
20,0.2,11,6,9,0.6667
20,0.2,12,8,9,0.8889
20,0.2,13,7,10,0.7
20,0.2,14,7,10,0.7
20,0.2,15,6,10,0.6
20,0.2,16,6,9,0.6667
20,0.2,17,7,11,0.6364
20,0.2,18,5,9,0.5556
20,0.2,19,6,8,0.75
20,0.2,20,4,8,0.5
20,0.2,21,7,9,0.7778
20,0.2,22,6,8,0.75
20,0.2,23,8,10,0.8
20,0.2,24,7,8,0.875
20,0.2,25,5,9,0.5556
20,0.2,26,6,9,0.6667
20,0.2,27,7,9,0.7778
20,0.2,28,5,10,0.5
20,0.2,29,6,9,0.6667
20,0.2,30,6,9,0.6667
20,0.2,31,5,9,0.5556
20,0.2,32,6,7,0.8571
20,0.2,33,7,9,0.7778
20,0.2,34,8,10,0.8
20,0.2,35,6,9,0.6667
20,0.2,36,6,9,0.6667
20,0.2,37,5,9,0.5556
20,0.2,38,6,9,0.6667
20,0.2,39,5,8,0.625
20,0.2,40,5,8,0.625
20,0.2,41,5,10,0.5
20,0.2,42,7,9,0.7778
20,0.2,43,7,9,0.7778
20,0.2,44,5,9,0.5556
20,0.2,45,6,10,0.6
20,0.2,46,6,9,0.6667
20,0.2,47,8,10,0.8
20,0.2,48,5,9,0.5556
20,0.2,49,7,9,0.7778
20,0.2,50,5,9,0.5556
20,0.2,51,7,11,0.6364
20,0.2,52,5,8,0.625
20,0.2,53,9,10,0.9
20,0.2,54,6,9,0.6667
20,0.2,55,7,10,0.7
20,0.2,56,5,8,0.625
20,0.2,57,5,10,0.5
20,0.2,58,5,8,0.625
20,0.2,59,5,8,0.625
20,0.2,60,6,8,0.75
20,0.2,61,5,10,0.5
20,0.2,62,7,11,0.6364
20,0.2,63,7,10,0.7
20,0.2,64,6,9,0.6667
20,0.2,65,6,9,0.6667
20,0.2,66,5,9,0.5556
20,0.2,67,7,8,0.875
20,0.2,68,6,11,0.5455
20,0.2,69,7,10,0.7
20,0.2,70,5,9,0.5556
20,0.2,71,5,10,0.5
20,0.2,72,6,9,0.6667
20,0.2,73,6,9,0.6667
20,0.2,74,6,9,0.6667
20,0.2,75,6,9,0.6667
20,0.2,76,6,9,0.6667
20,0.2,77,4,8,0.5
20,0.2,78,6,10,0.6
20,0.2,79,7,9,0.7778
20,0.2,80,5,8,0.625
20,0.2,81,7,10,0.7
20,0.2,82,7,9,0.7778
20,0.2,83,6,10,0.6
20,0.2,84,5,10,0.5
20,0.2,85,7,8,0.875
20,0.2,86,5,10,0.5
20,0.2,87,6,8,0.75
20,0.2,88,8,11,0.7273
20,0.2,89,6,10,0.6
20,0.2,90,7,10,0.7
20,0.2,91,8,10,0.8
20,0.2,92,6,10,0.6
20,0.2,93,8,9,0.8889
20,0.2,94,6,10,0.6
20,0.2,95,6,9,0.6667
20,0.2,96,6,11,0.5455
20,0.2,97,7,11,0.6364
20,0.2,98,7,8,0.875
20,0.2,99,7,10,0.7
20,0.3,0,5,8,0.625
20,0.3,1,4,8,0.5
20,0.3,2,4,7,0.5714
20,0.3,3,6,8,0.75
20,0.3,4,4,7,0.5714
20,0.3,5,6,8,0.75
20,0.3,6,5,8,0.625
20,0.3,7,6,8,0.75
20,0.3,8,4,7,0.5714
20,0.3,9,4,7,0.5714
20,0.3,10,5,7,0.7143
20,0.3,11,4,7,0.5714
20,0.3,12,4,7,0.5714
20,0.3,13,4,6,0.6667
20,0.3,14,4,8,0.5
20,0.3,15,6,8,0.75
20,0.3,16,4,6,0.6667
20,0.3,17,5,8,0.625
20,0.3,18,4,7,0.5714
20,0.3,19,5,7,0.7143
20,0.3,20,4,6,0.6667
20,0.3,21,5,7,0.7143
20,0.3,22,6,8,0.75
20,0.3,23,4,8,0.5
20,0.3,24,5,7,0.7143
20,0.3,25,4,7,0.5714
20,0.3,26,4,7,0.5714
20,0.3,27,4,8,0.5
20,0.3,28,5,8,0.625
20,0.3,29,4,8,0.5
20,0.3,30,5,8,0.625
20,0.3,31,4,8,0.5
20,0.3,32,4,7,0.5714
20,0.3,33,6,8,0.75
20,0.3,34,5,7,0.7143
20,0.3,35,5,7,0.7143
20,0.3,36,5,7,0.7143
20,0.3,37,4,7,0.5714
20,0.3,38,4,7,0.5714
20,0.3,39,4,5,0.8
20,0.3,40,4,7,0.5714
20,0.3,41,4,8,0.5
20,0.3,42,4,7,0.5714
20,0.3,43,6,7,0.8571
20,0.3,44,4,7,0.5714
20,0.3,45,5,8,0.625
20,0.3,46,4,7,0.5714
20,0.3,47,6,8,0.75
20,0.3,48,4,8,0.5
20,0.3,49,5,7,0.7143
20,0.3,50,4,7,0.5714
20,0.3,51,7,9,0.7778
20,0.3,52,5,7,0.7143
20,0.3,53,5,8,0.625
20,0.3,54,6,7,0.8571
20,0.3,55,4,8,0.5
20,0.3,56,4,7,0.5714
20,0.3,57,5,7,0.7143
20,0.3,58,4,7,0.5714
20,0.3,59,5,7,0.7143
20,0.3,60,4,7,0.5714
20,0.3,61,4,7,0.5714
20,0.3,62,6,9,0.6667
20,0.3,63,5,7,0.7143
20,0.3,64,4,7,0.5714
20,0.3,65,5,8,0.625
20,0.3,66,5,8,0.625
20,0.3,67,6,8,0.75
20,0.3,68,6,9,0.6667
20,0.3,69,4,8,0.5
20,0.3,70,5,8,0.625
20,0.3,71,5,7,0.7143
20,0.3,72,4,7,0.5714
20,0.3,73,5,7,0.7143
20,0.3,74,6,9,0.6667
20,0.3,75,5,8,0.625
20,0.3,76,5,8,0.625
20,0.3,77,5,7,0.7143
20,0.3,78,5,8,0.625
20,0.3,79,5,7,0.7143
20,0.3,80,4,8,0.5
20,0.3,81,5,8,0.625
20,0.3,82,5,7,0.7143
20,0.3,83,5,9,0.5556
20,0.3,84,5,9,0.5556
20,0.3,85,5,7,0.7143
20,0.3,86,5,7,0.7143
20,0.3,87,4,6,0.6667
20,0.3,88,6,7,0.8571
20,0.3,89,5,7,0.7143
20,0.3,90,5,9,0.5556
20,0.3,91,6,8,0.75
20,0.3,92,5,7,0.7143
20,0.3,93,5,8,0.625
20,0.3,94,5,7,0.7143
20,0.3,95,4,8,0.5
20,0.3,96,4,9,0.4444
20,0.3,97,6,8,0.75
20,0.3,98,5,7,0.7143
20,0.3,99,5,8,0.625
20,0.4,0,4,8,0.5
20,0.4,1,4,7,0.5714
20,0.4,2,4,6,0.6667
20,0.4,3,4,5,0.8
20,0.4,4,4,6,0.6667
20,0.4,5,4,7,0.5714
20,0.4,6,4,7,0.5714
20,0.4,7,4,6,0.6667
20,0.4,8,4,6,0.6667
20,0.4,9,4,5,0.8
20,0.4,10,5,7,0.7143
20,0.4,11,4,6,0.6667
20,0.4,12,3,6,0.5
20,0.4,13,4,6,0.6667
20,0.4,14,3,7,0.4286
20,0.4,15,4,6,0.6667
20,0.4,16,4,6,0.6667
20,0.4,17,4,6,0.6667
20,0.4,18,4,6,0.6667
20,0.4,19,4,5,0.8
20,0.4,20,3,6,0.5
20,0.4,21,4,6,0.6667
20,0.4,22,4,6,0.6667
20,0.4,23,4,6,0.6667
20,0.4,24,4,6,0.6667
20,0.4,25,4,6,0.6667
20,0.4,26,4,6,0.6667
20,0.4,27,4,6,0.6667
20,0.4,28,4,6,0.6667
20,0.4,29,3,6,0.5
20,0.4,30,4,7,0.5714
20,0.4,31,4,6,0.6667
20,0.4,32,4,5,0.8
20,0.4,33,4,6,0.6667
20,0.4,34,4,6,0.6667
20,0.4,35,5,6,0.8333
20,0.4,36,5,6,0.8333
20,0.4,37,4,7,0.5714
20,0.4,38,4,6,0.6667
20,0.4,39,4,5,0.8
20,0.4,40,4,6,0.6667
20,0.4,41,4,6,0.6667
20,0.4,42,4,6,0.6667
20,0.4,43,4,7,0.5714
20,0.4,44,4,6,0.6667
20,0.4,45,4,6,0.6667
20,0.4,46,4,6,0.6667
20,0.4,47,4,7,0.5714
20,0.4,48,4,6,0.6667
20,0.4,49,4,6,0.6667
20,0.4,50,4,6,0.6667
20,0.4,51,6,8,0.75
20,0.4,52,4,6,0.6667
20,0.4,53,4,7,0.5714
20,0.4,54,4,6,0.6667
20,0.4,55,4,7,0.5714
20,0.4,56,4,6,0.6667
20,0.4,57,4,6,0.6667
20,0.4,58,4,6,0.6667
20,0.4,59,4,6,0.6667
20,0.4,60,4,6,0.6667
20,0.4,61,4,6,0.6667
20,0.4,62,4,6,0.6667
20,0.4,63,4,6,0.6667
20,0.4,64,4,6,0.6667
20,0.4,65,5,6,0.8333
20,0.4,66,4,7,0.5714
20,0.4,67,4,6,0.6667
20,0.4,68,4,6,0.6667
20,0.4,69,4,7,0.5714
20,0.4,70,4,6,0.6667
20,0.4,71,4,5,0.8
20,0.4,72,4,6,0.6667
20,0.4,73,4,6,0.6667
20,0.4,74,4,7,0.5714
20,0.4,75,4,6,0.6667
20,0.4,76,4,6,0.6667
20,0.4,77,4,6,0.6667
20,0.4,78,4,7,0.5714
20,0.4,79,4,5,0.8
20,0.4,80,3,8,0.375
20,0.4,81,4,5,0.8
20,0.4,82,4,6,0.6667
20,0.4,83,4,7,0.5714
20,0.4,84,4,7,0.5714
20,0.4,85,4,6,0.6667
20,0.4,86,5,5,1.0
20,0.4,87,4,5,0.8
20,0.4,88,4,5,0.8
20,0.4,89,4,6,0.6667
20,0.4,90,4,6,0.6667
20,0.4,91,5,6,0.8333
20,0.4,92,4,7,0.5714
20,0.4,93,4,6,0.6667
20,0.4,94,4,6,0.6667
20,0.4,95,3,6,0.5
20,0.4,96,4,6,0.6667
20,0.4,97,4,8,0.5
20,0.4,98,5,6,0.8333
20,0.4,99,4,6,0.6667
20,0.5,0,3,7,0.4286
20,0.5,1,3,6,0.5
20,0.5,2,4,5,0.8
20,0.5,3,4,5,0.8
20,0.5,4,3,6,0.5
20,0.5,5,4,5,0.8
20,0.5,6,3,5,0.6
20,0.5,7,3,5,0.6
20,0.5,8,3,5,0.6
20,0.5,9,3,5,0.6
20,0.5,10,3,5,0.6
20,0.5,11,4,5,0.8
20,0.5,12,3,5,0.6
20,0.5,13,3,5,0.6
20,0.5,14,4,5,0.8
20,0.5,15,4,5,0.8
20,0.5,16,4,6,0.6667
20,0.5,17,4,5,0.8
20,0.5,18,4,5,0.8
20,0.5,19,3,5,0.6
20,0.5,20,3,5,0.6
20,0.5,21,3,5,0.6
20,0.5,22,4,5,0.8
20,0.5,23,3,6,0.5
20,0.5,24,4,5,0.8
20,0.5,25,4,5,0.8
20,0.5,26,4,5,0.8
20,0.5,27,4,5,0.8
20,0.5,28,3,5,0.6
20,0.5,29,3,5,0.6
20,0.5,30,4,5,0.8
20,0.5,31,3,5,0.6
20,0.5,32,3,5,0.6
20,0.5,33,4,5,0.8
20,0.5,34,4,5,0.8
20,0.5,35,4,5,0.8
20,0.5,36,3,6,0.5
20,0.5,37,4,6,0.6667
20,0.5,38,4,5,0.8
20,0.5,39,3,5,0.6
20,0.5,40,4,5,0.8
20,0.5,41,5,5,1.0
20,0.5,42,3,5,0.6
20,0.5,43,4,6,0.6667
20,0.5,44,4,5,0.8
20,0.5,45,5,5,1.0
20,0.5,46,4,6,0.6667
20,0.5,47,4,6,0.6667
20,0.5,48,3,5,0.6
20,0.5,49,4,6,0.6667
20,0.5,50,3,5,0.6
20,0.5,51,4,7,0.5714
20,0.5,52,3,6,0.5
20,0.5,53,4,5,0.8
20,0.5,54,4,5,0.8
20,0.5,55,3,5,0.6
20,0.5,56,4,5,0.8
20,0.5,57,3,5,0.6
20,0.5,58,3,5,0.6
20,0.5,59,4,5,0.8
20,0.5,60,3,5,0.6
20,0.5,61,3,5,0.6
20,0.5,62,4,5,0.8
20,0.5,63,3,4,0.75
20,0.5,64,3,5,0.6
20,0.5,65,5,5,1.0
20,0.5,66,3,5,0.6
20,0.5,67,4,5,0.8
20,0.5,68,4,6,0.6667
20,0.5,69,3,5,0.6
20,0.5,70,4,5,0.8
20,0.5,71,4,5,0.8
20,0.5,72,4,5,0.8
20,0.5,73,3,5,0.6
20,0.5,74,4,6,0.6667
20,0.5,75,5,5,1.0
20,0.5,76,4,5,0.8
20,0.5,77,4,6,0.6667
20,0.5,78,4,6,0.6667
20,0.5,79,3,5,0.6
20,0.5,80,4,5,0.8
20,0.5,81,3,5,0.6
20,0.5,82,3,5,0.6
20,0.5,83,4,6,0.6667
20,0.5,84,3,5,0.6
20,0.5,85,4,5,0.8
20,0.5,86,3,5,0.6
20,0.5,87,3,4,0.75
20,0.5,88,3,5,0.6
20,0.5,89,4,6,0.6667
20,0.5,90,3,6,0.5
20,0.5,91,4,6,0.6667
20,0.5,92,4,6,0.6667
20,0.5,93,3,5,0.6
20,0.5,94,3,6,0.5
20,0.5,95,3,6,0.5
20,0.5,96,3,5,0.6
20,0.5,97,4,7,0.5714
20,0.5,98,3,5,0.6
20,0.5,99,4,5,0.8
