k,num_vertices,num_edges,grundy_value,winner,winning_first_moves
3,4,3,1,P1,0;1;2;3
4,5,4,3,P1,1;3;4
5,6,5,0,P2,
6,7,6,0,P2,
7,8,7,1,P1,0;2;5
8,9,8,1,P1,0;1;3;4;5;7;8
9,10,9,4,P1,1;8;9
10,11,10,0,P2,
11,12,11,5,P1,2;9
12,13,12,1,P1,0;2;3;5;6;7;9
13,14,13,1,P1,1;3;5;8
14,15,14,0,P2,
15,16,15,0,P2,
16,17,16,3,P1,0;2;7;9;10;12
17,18,17,1,P1,0;1;2;3;5;7;8;9;11;13;15
18,19,18,2,P1,1;3;8;15
19,20,19,0,P2,
20,21,20,0,P2,
21,22,21,1,P1,0;2;5;7;9;17
22,23,22,2,P1,0;1;3;5;7;8;15;18
23,24,23,2,P1,1;8;15;21;22;23
24,25,24,3,P1,4;6;21;23;24
25,26,25,3,P1,2;9;14;19
26,27,26,5,P1,3;5;7;9;20
27,28,27,2,P1,5;8;15;22;25
28,29,28,4,P1,4;10;21;23;25;27;28
29,30,29,3,P1,4;11;16;21;28;29
30,31,30,3,P1,7;9;24;26
31,32,31,2,P1,8;9;15;22;29
32,33,32,2,P1,6;12;15;22;23;25;27;29
33,34,33,1,P1,4;6;13;21;23;25;28
34,35,34,0,P2,
35,36,35,0,P2,
36,37,36,2,P1,0;10;12;15;22;27;29;32
37,38,37,1,P1,0;1;2;4;6;10;11;12;13;15;17;19;21;22;23;25;27;28;29;35;36;37
38,39,38,3,P1,1;3;4;6;11;13;18;20;21;23;28;35;37;38
39,40,39,0,P2,
40,41,40,0,P2,
41,42,41,1,P1,0;2;5;10;12;17;22;25;27;29;30;36;39
42,43,42,7,P1,0;1;3;4;5;7;10;11;13;17;18;21;23;24;25;27;28;35;37;38;39;41;42
43,44,43,4,P1,1;8;11;18;21;28;35;42;43
44,45,44,4,P1,14;16;31
45,46,45,6,P1,2;9;12;19;22;29;34;36;43
46,47,46,5,P1,3;5;6;7;9;12;13;17;19;20;23;25;26;27;29;36;37;39;40;41;43
47,48,47,7,P1,5;8;13;18;20;25;28;35;37;39;42
48,49,48,0,P2,
49,50,49,0,P2,
50,51,50,3,P1,0;7;9;10;12;17;19;24;26;27;29;36;41;43;44;46
51,52,51,1,P1,0;1;8;9;11;13;15;17;18;19;20;24;26;28;29;35;36;37;39;41;42;43;45;47
52,53,52,2,P1,1;15;18;20;32;35;37;42
53,54,53,0,P2,
54,55,54,0,P2,
55,56,55,1,P1,0;2;5;17;24;26;36;39;41;43
56,57,56,2,P1,0;1;3;5;15;18;24;32;35;37;39;41;42;52
57,58,57,2,P1,1;15;21;22;32;35;42;55;56;57
58,59,58,4,P1,4;6;21;23;38;40;55;57;58
59,60,59,3,P1,2;9;14;19;26;31;36;43;48;53
60,61,60,5,P1,3;5;7;9;14;20;26;30;37;39;41;43;49;54
61,62,61,6,P1,5;8;22;25;32;39;42;56;59
62,63,62,4,P1,4;10;21;23;25;27;38;44;55;57;59;61;62
63,64,63,7,P1,4;11;21;28;38;45;50;55;62;63
64,65,64,3,P1,7;9;16;24;26;34;41;43;51;58;60
65,66,65,6,P1,8;9;15;22;29;32;42;43;56;63
66,67,66,2,P1,12;15;23;25;27;29;32;40;46;56;57;59;61;63
67,68,67,1,P1,6;13;25;28;38;40;47;55;57;59;62
68,69,68,0,P2,
69,70,69,0,P2,
70,71,70,2,P1,0;12;15;27;29;32;44;46;56;61;63
71,72,71,1,P1,0;1;2;10;12;13;15;17;19;21;28;29;35;36;38;40;44;45;46;47;53;55;56;57;59;61;62;63;70;71
72,73,72,3,P1,1;3;4;6;11;13;18;20;21;35;37;38;40;45;47;52;54;55;57;62;66;71;72
73,74,73,0,P2,
74,75,74,8,P1,14
75,76,75,1,P1,0;2;5;17;22;25;30;36;39;44;46;56;59;61;63;64;70;73
76,77,76,9,P1,1;3;4;5;7;10;17;18;21;23;24;25;30;35;37;38;39;41;44;45;47;52;55;57;58;59;61;62;71;72;73;75;76
77,78,77,4,P1,8;11;18;21;33;35;42;45;52;55;62;76;77
78,79,78,2,P1,14;16;48;50;65
79,80,79,8,P1,2;9;22;29;31;34;36;43;46;49;51;53;56;63;68;70;77
80,81,80,5,P1,3;5;6;7;9;12;19;23;25;26;27;29;34;37;39;40;41;43;46;47;53;54;57;59;60;61;63;70;71;73;74;75;77
81,82,81,9,P1,8;13;20;25;28;39;42;47;52;54;59;62;71;73;76
82,83,82,4,P1,33
83,84,83,0,P2,
84,85,84,3,P1,4;7;9;10;12;26;27;29;41;43;44;46;53;58;60;61;63;66;70;75;77;78;80
85,86,85,1,P1,0;8;11;13;15;17;19;24;26;28;29;35;42;43;45;47;52;53;54;58;60;62;63;70;71;73;75;76;77;79;81
86,87,86,2,P1,1;15;18;20;32;35;52;54;71;76
87,88,87,0,P2,
88,89,88,0,P2,
89,90,89,1,P1,0;2;17;36;39;58;60;70;73;75;77
90,91,90,2,P1,0;1;3;5;15;18;24;30;32;35;37;39;52;58;71;73;75;76
91,92,91,2,P1,1;21;22;32;35;55;56;76;89;90;91
92,93,92,4,P1,4;6;12;21;23;38;40;55;57;66;72;74;89;91;92
93,94,93,8,P1,2;13;14;19;31;36;43;48;53;60;65;66;70;77;82;87
94,95,94,5,P1,3;5;7;9;20;26;30;34;37;39;41;43;48;49;54;60;64;71;73;75;77;83;88
95,96,95,6,P1,5;8;22;25;39;42;49;56;59;73;76;90;93
96,97,96,4,P1,4;10;21;23;25;27;38;44;55;57;59;61;72;78;89;91;93;95;96
97,98,97,7,P1,4;11;17;28;38;45;55;62;66;72;79;84;89;96;97
98,99,98,8,P1,7;9;14;16;18;24;26;33;34;41;43;50;58;60;66;68;75;77;85;92;94
99,100,99,6,P1,8;9;22;29;42;43;51;56;63;76;77;90;97
100,101,100,9,P1,12;15;23;25;27;29;32;46;57;59;61;63;74;80;90;91;93;95;97
101,102,101,1,P1,13;28;40;47;59;62;72;74;81;89;91;93;96
102,103,102,0,P2,
103,104,103,0,P2,
104,105,104,2,P1,0;12;15;27;29;32;46;61;63;78;80;90;95;97
105,106,105,1,P1,0;1;2;12;13;15;17;19;28;35;36;44;46;47;53;55;62;63;70;72;74;78;79;80;81;87;89;90;91;93;95;96;97;104;105
106,107,106,3,P1,1;3;13;18;20;21;26;35;37;38;40;45;47;52;54;55;66;71;72;74;79;81;88;89;91;96;100;105;106
107,108,107,0,P2,
108,109,108,8,P1,14;48
109,110,109,1,P1,0;2;5;17;22;30;36;39;49;56;59;64;70;73;78;80;90;93;95;97;98;104;107
110,111,110,9,P1,1;3;4;5;7;17;18;21;23;24;25;35;37;38;39;41;44;52;55;57;58;59;64;71;72;73;75;78;79;81;89;91;92;93;95;96;105;106;107;109;110
111,112,111,4,P1,8;18;21;42;45;52;55;67;76;79;89;96;110;111
112,113,112,4,P1,14;16;32;48;50;82;84;99
113,114,113,8,P1,2;9;22;31;34;36;43;49;51;56;63;65;68;70;77;80;83;85;87;90;97;102;104;111
114,115,114,5,P1,3;5;6;7;9;23;25;26;27;29;30;37;39;40;41;43;46;53;57;59;60;61;63;68;71;73;74;75;77;80;81;87;88;91;93;94;95;97;104;105;107;108;109;111
115,116,115,9,P1,8;25;28;42;47;54;59;62;73;76;81;88;93;96;105;107;110
116,117,116,4,P1,67
117,118,117,0,P2,
118,119,118,8,P1,7;9;10;12;26;27;29;34;38;41;43;44;46;60;61;63;66;75;77;78;80;87;92;94;95;97;100;104;109;111;112;114
119,120,119,1,P1,0;8;11;13;15;26;28;29;42;45;47;53;58;60;62;63;76;77;79;81;87;88;92;94;96;97;104;105;107;109;110;111;113;115
120,121,120,2,P1,1;15;32;35;52;54;88;105;110
121,122,121,0,P2,
122,123,122,0,P2,
123,124,123,1,P1,0;2;17;36;70;73;92;94;104;107;109;111
124,125,124,2,P1,0;1;3;5;15;18;30;32;35;37;39;52;58;64;71;73;92;105;107;109;110
125,126,125,2,P1,1;21;22;32;35;55;56;89;90;110;123;124;125
126,127,126,4,P1,4;21;23;38;40;46;55;57;72;74;89;91;100;106;108;123;125;126
127,128,127,8,P1,2;14;19;31;36;47;48;53;65;66;70;77;82;87;94;99;100;104;111;116;121
128,129,128,5,P1,3;5;7;9;14;20;30;34;37;39;41;43;49;54;60;64;68;71;73;75;77;82;83;88;94;98;105;107;109;111;117;122
129,130,129,9,P1,5;8;22;25;39;42;56;59;73;76;83;90;93;107;110;124;127
130,131,130,4,P1,4;21;23;25;27;38;44;55;57;59;61;72;78;89;91;93;95;106;112;123;125;127;129;130
131,132,131,12,P1,4;28;38;45;62;72;79;89;96;100;106;113;118;123;130;131
132,133,132,8,P1,7;9;14;16;24;26;33;34;41;43;48;50;52;58;60;66;67;68;75;77;84;92;94;100;102;109;111;119;126;128
133,134,133,6,P1,8;9;22;29;42;43;49;51;56;63;76;77;85;90;97;110;111;124;131
134,135,134,9,P1,12;15;23;25;27;29;46;57;59;61;63;80;91;93;95;97;108;114;124;125;127;129;131
135,136,135,9,P1,13;28;47;62;74;81;93;96;106;108;115;123;125;127;130
136,137,136,0,P2,
137,138,137,0,P2,
138,139,138,2,P1,0;12;15;27;29;32;46;61;63;80;95;97;112;114;124;129;131
139,140,139,1,P1,0;1;12;13;15;17;28;35;36;46;47;53;62;70;78;80;81;87;89;96;97;104;106;108;112;113;114;115;121;123;124;125;127;129;130;131;138;139
140,141,140,3,P1,1;13;18;21;35;37;47;52;54;55;60;66;71;72;74;79;81;88;89;100;105;106;108;113;115;122;123;125;130;134;139;140
141,142,141,0,P2,
142,143,142,8,P1,14;48;82
143,144,143,1,P1,0;2;5;17;22;30;36;39;49;56;64;70;73;83;90;93;98;104;107;112;114;124;127;129;131;132;138;141
144,145,144,9,P1,1;3;4;5;17;18;21;23;25;30;35;37;38;39;41;52;55;57;58;59;71;72;73;75;78;89;91;92;93;98;105;106;107;109;112;113;115;123;125;126;127;129;130;139;140;141;143;144
145,146,145,4,P1,18;21;42;52;55;69;76;79;89;101;110;113;123;130;144;145
146,147,146,4,P1,14;16;48;50;82;84;116;118;133
147,148,147,14,P1,2;9;22;31;34;36;43;49;51;56;65;68;70;77;83;85;90;97;99;102;104;111;114;117;119;121;124;131;136;138;145
148,149,148,5,P1,3;5;6;7;9;23;25;26;27;29;30;34;37;39;40;41;43;57;59;60;61;63;64;71;73;74;75;77;80;87;91;93;94;95;97;102;105;107;108;109;111;114;115;121;122;125;127;128;129;131;138;139;141;142;143;145
149,150,149,13,P1,8;25;28;42;59;62;76;81;88;93;96;107;110;115;122;127;130;139;141;144
150,151,150,4,P1,69;101
151,152,151,0,P2,
152,153,152,8,P1,7;9;10;12;26;27;29;34;41;43;44;46;60;61;63;66;68;72;75;77;78;80;94;95;97;100;109;111;112;114;121;126;128;129;131;134;138;143;145;146;148
153,154,153,1,P1,0;8;11;13;15;26;28;29;42;45;47;60;62;63;76;79;81;87;92;94;96;97;110;111;113;115;121;122;126;128;130;131;138;139;141;143;144;145;147;149
154,155,154,2,P1,1;15;32;35;88;122;139;144
155,156,155,0,P2,
156,157,156,0,P2,
157,158,157,1,P1,0;2;17;36;70;104;107;126;128;138;141;143;145
158,159,158,2,P1,0;1;3;5;15;18;30;32;35;37;39;52;64;71;73;92;98;105;107;126;139;141;143;144
159,160,159,2,P1,1;21;32;35;55;56;89;90;123;124;144;157;158;159
160,161,160,4,P1,4;21;38;55;57;72;74;80;89;91;106;108;123;125;134;140;142;157;159;160
161,162,161,8,P1,2;14;19;31;36;48;53;65;70;81;82;87;99;100;104;111;116;121;128;133;134;138;145;150;155
162,163,162,5,P1,3;5;7;9;14;20;30;34;37;39;41;43;48;49;54;64;68;71;73;75;77;83;88;94;98;102;105;107;109;111;116;117;122;128;132;139;141;143;145;151;156
163,164,163,9,P1,5;8;22;25;39;42;49;56;59;73;76;90;93;107;110;117;124;127;141;144;158;161
164,165,164,4,P1,4;21;23;25;38;55;57;59;61;69;72;78;86;89;91;93;95;106;112;123;125;127;129;140;146;157;159;161;163;164
165,166,165,12,P1,4;38;62;72;79;96;106;113;123;130;134;140;147;152;157;164;165
166,167,166,8,P1,7;9;14;16;24;26;34;41;43;48;50;58;60;67;68;75;77;82;84;92;94;100;101;102;109;111;118;126;128;134;136;143;145;153;160;162
167,168,167,6,P1,8;9;22;29;42;43;49;51;56;63;76;77;83;85;90;97;110;111;119;124;131;144;145;158;165
168,169,168,9,P1,12;15;23;25;27;29;46;57;59;61;63;80;91;93;95;97;114;125;127;129;131;142;148;158;159;161;163;165
169,170,169,9,P1,13;28;47;62;69;81;86;96;108;115;127;130;140;142;149;157;159;161;164
170,171,170,0,P2,
171,172,171,0,P2,
172,173,172,2,P1,0;12;15;27;29;32;46;61;63;80;95;97;114;129;131;146;148;158;163;165
173,174,173,1,P1,0;1;12;13;15;17;28;35;46;47;62;70;80;81;87;96;104;112;114;115;121;123;130;131;138;140;142;146;147;148;149;155;157;158;159;161;163;164;165;172;173
174,175,174,3,P1,1;13;18;21;35;47;52;55;66;71;81;88;89;94;100;105;106;108;113;115;122;123;134;139;140;142;147;149;156;157;159;164;168;173;174
175,176,175,0,P2,
176,177,176,8,P1,14;48;82;116
177,178,177,1,P1,0;2;5;17;22;30;36;39;49;56;64;70;73;83;90;98;104;107;117;124;127;132;138;141;146;148;158;161;163;165;166;172;175
178,179,178,9,P1,1;3;4;5;17;18;21;23;25;30;35;37;38;39;52;55;57;59;64;71;72;73;75;89;91;92;93;105;106;107;109;112;123;125;126;127;132;139;140;141;143;146;147;149;157;159;160;161;163;164;173;174;175;177;178
179,180,179,4,P1,18;21;52;55;69;76;89;103;110;113;123;135;144;147;157;164;178;179
180,181,180,4,P1,14;16;48;50;82;84;116;118;150;152;167
181,182,181,14,P1,2;9;22;31;34;36;43;49;51;56;65;68;70;77;83;85;90;99;102;104;111;117;119;124;131;133;136;138;145;148;151;153;155;158;165;170;172;179
182,183,182,5,P1,3;5;6;7;9;23;25;26;27;29;30;34;37;39;40;41;43;57;59;60;61;63;64;68;71;73;74;75;77;91;93;94;95;97;98;105;107;108;109;111;114;121;125;127;128;129;131;136;139;141;142;143;145;148;149;155;156;159;161;162;163;165;172;173;175;176;177;179
183,184,183,13,P1,8;25;28;42;59;62;76;93;96;110;115;122;127;130;141;144;149;156;161;164;173;175;178
184,185,184,4,P1,69;103;135
185,186,185,0,P2,
186,187,186,8,P1,7;9;10;12;26;27;29;34;41;43;44;46;60;61;63;68;75;77;78;80;94;95;97;100;102;106;109;111;112;114;128;129;131;134;143;145;146;148;155;160;162;163;165;168;172;177;179;180;182
187,188,187,1,P1,0;8;11;13;15;26;28;29;42;45;47;60;62;63;76;79;81;94;96;97;110;113;115;121;126;128;130;131;144;145;147;149;155;156;160;162;164;165;172;173;175;177;178;179;181;183
188,189,188,2,P1,1;15;32;35;86;122;156;173;178
189,190,189,4,P1,69
190,191,190,0,P2,
191,192,191,1,P1,2;17;36;70;104;138;141;160;162;172;175;177;179
192,193,192,2,P1,0;3;5;15;18;30;32;35;37;39;52;64;71;73;98;105;107;126;132;139;141;160;173;175;177;178
193,194,193,2,P1,1;21;32;35;55;89;90;123;124;157;158;178;191;192;193
194,195,194,4,P1,4;21;38;55;72;89;91;106;108;114;123;125;140;142;157;159;168;174;176;191;193;194
195,196,195,8,P1,2;14;19;31;36;48;53;65;70;82;87;99;104;115;116;121;133;134;138;145;150;155;162;167;168;172;179;184;189
196,197,196,5,P1,3;7;9;14;20;30;34;37;39;41;43;48;49;54;64;68;71;73;75;77;82;83;88;98;102;105;107;109;111;117;122;128;132;136;139;141;143;145;150;151;156;162;166;173;175;177;179;185;190
197,198,197,9,P1,5;8;22;25;39;42;49;56;59;73;76;83;90;93;107;110;124;127;141;144;151;158;161;175;178;192;195
198,199,198,4,P1,4;21;23;25;38;55;57;59;69;72;86;89;91;93;95;103;106;112;120;123;125;127;129;140;146;157;159;161;163;174;180;191;193;195;197;198
199,200,199,12,P1,4;38;72;96;106;113;130;140;147;157;164;168;174;181;186;191;198;199
200,201,200,8,P1,7;14;16;24;26;34;41;43;48;50;58;60;68;75;77;82;84;92;94;101;102;109;111;116;118;126;128;134;135;136;143;145;152;160;162;168;170;177;179;187;194;196
201,202,201,6,P1,8;9;22;29;42;43;49;51;56;63;76;77;83;85;90;97;110;111;117;119;124;131;144;145;153;158;165;178;179;192;199
202,203,202,9,P1,12;15;23;25;27;29;46;57;59;61;63;80;91;93;95;97;114;125;127;129;131;148;159;161;163;165;176;182;192;193;195;197;199
203,204,203,9,P1,13;28;47;62;69;81;86;96;103;115;120;130;142;149;161;164;174;176;183;191;193;195;198
204,205,204,0,P2,
205,206,205,8,P1,14
206,207,206,2,P1,0;12;27;29;32;46;61;63;80;95;97;114;129;131;148;163;165;180;182;192;197;199
207,208,207,9,P1,1;12;13;15;17;28;35;46;47;62;80;81;96;104;114;115;121;130;138;146;148;149;155;157;164;165;172;174;176;180;181;182;183;189;191;192;193;195;197;198;199;206;207
208,209,208,3,P1,13;18;21;35;47;52;55;66;81;89;100;105;115;122;123;128;134;139;140;142;147;149;156;157;168;173;174;176;181;183;190;191;193;198;202;207;208
209,210,209,0,P2,
210,211,210,8,P1,14;48;82;116;150
211,212,211,1,P1,0;5;17;22;30;36;39;49;56;64;70;73;83;90;98;104;107;117;124;132;138;141;151;158;161;166;172;175;180;182;192;195;197;199;200;206;209
212,213,212,9,P1,1;4;17;18;23;25;30;35;37;38;39;52;55;57;59;64;71;72;73;89;91;93;98;105;106;107;109;123;125;126;127;139;140;141;143;146;157;159;160;161;166;173;174;175;177;180;181;183;191;193;194;195;197;198;207;208;209;211;212
213,214,213,4,P1,18;21;52;55;69;89;103;110;123;137;144;147;157;169;178;181;191;198;212;213
214,215,214,4,P1,14;16;48;50;82;84;116;118;150;152;184;186;201
215,216,215,14,P1,2;9;22;31;34;36;43;49;51;56;65;68;70;77;83;85;90;99;102;104;111;117;119;124;133;136;138;145;151;153;158;165;167;170;172;179;182;185;187;189;192;199;204;206;213
216,217,216,5,P1,3;5;6;23;26;27;29;30;34;37;39;40;41;43;57;59;60;61;63;64;68;71;73;74;75;77;91;93;94;95;97;98;102;105;107;108;109;111;125;127;128;129;131;132;139;141;142;143;145;148;155;159;161;162;163;165;170;173;175;176;177;179;182;183;189;190;193;195;196;197;199;206;207;209;210;211;213
217,218,217,13,P1,25;28;42;59;62;76;86;93;96;110;127;130;144;149;156;161;164;175;178;183;190;195;198;207;209;212
218,219,218,4,P1,103;137;169
219,220,219,0,P2,
220,221,220,8,P1,7;9;10;12;26;27;34;41;43;44;46;60;61;63;68;75;77;78;80;94;95;97;102;109;111;112;114;128;129;131;134;136;140;143;145;146;148;162;163;165;168;177;179;180;182;189;194;196;197;199;202;206;211;213;214;216
221,222,221,1,P1,0;8;11;13;15;26;28;29;30;42;45;47;60;62;63;76;79;81;94;96;97;110;113;115;128;130;131;144;147;149;155;160;162;164;165;178;179;181;183;189;190;194;196;198;199;206;207;209;211;212;213;215;217
222,223,222,2,P1,1;32;35;86;120;156;190;207;212
223,224,223,4,P1,69;86;103
224,225,224,0,P2,
225,226,225,1,P1,2;17;34;36;70;104;138;172;175;194;196;206;209;211;213
226,227,226,2,P1,0;3;5;15;18;30;32;37;39;52;64;71;73;98;105;107;132;139;141;160;166;173;175;194;207;209;211;212
227,228,227,2,P1,1;21;32;35;55;89;123;124;157;158;191;192;212;225;226;227
228,229,228,4,P1,4;38;55;72;89;106;123;125;140;142;148;157;159;174;176;191;193;202;208;210;225;227;228
229,230,229,8,P1,2;14;19;31;36;48;53;65;70;82;87;99;104;116;121;133;138;149;150;155;167;168;172;179;184;189;196;201;202;206;213;218;223
230,231,230,5,P1,3;7;9;14;20;30;34;37;41;43;48;49;54;64;68;71;73;75;77;82;83;88;98;102;105;107;109;111;116;117;122;132;136;139;141;143;145;151;156;162;166;170;173;175;177;179;184;185;190;196;200;207;209;211;213;219;224
231,232,231,9,P1,5;8;25;39;42;49;56;59;73;76;83;90;93;107;110;117;124;127;141;144;158;161;175;178;185;192;195;209;212;226;229
232,233,232,4,P1,4;21;38;55;57;59;69;72;86;89;91;93;103;106;120;123;125;127;129;137;140;146;154;157;159;161;163;174;180;191;193;195;197;208;214;225;227;229;231;232
233,234,233,12,P1,4;38;72;106;130;140;147;164;174;181;191;198;202;208;215;220;225;232;233
234,235,234,8,P1,7;14;16;24;26;34;41;48;50;58;60;68;75;77;82;84;92;94;102;109;111;116;118;126;128;135;136;143;145;150;152;160;162;168;169;170;177;179;186;194;196;202;204;211;213;221;228;230
235,236,235,6,P1,8;9;22;29;42;43;49;51;56;63;76;77;83;85;90;97;110;111;117;119;124;131;144;145;151;153;158;165;178;179;187;192;199;212;213;226;233
236,237,236,9,P1,12;15;23;25;46;57;59;61;63;80;91;93;95;97;114;125;127;129;131;148;159;161;163;165;182;193;195;197;199;210;216;226;227;229;231;233
237,238,237,9,P1,13;47;62;69;81;96;103;115;120;130;137;149;154;164;176;183;195;198;208;210;217;225;227;229;232
238,239,238,0,P2,
239,240,239,8,P1,14;48
240,241,240,2,P1,0;12;27;29;32;46;49;61;63;80;95;97;114;129;131;148;163;165;182;197;199;214;216;226;231;233
241,242,241,9,P1,1;12;13;15;17;28;35;46;47;62;80;81;96;114;115;130;138;148;149;155;164;172;180;182;183;189;191;198;199;206;208;210;214;215;216;217;223;225;226;227;229;231;232;233;240;241
242,243,242,3,P1,13;18;21;47;52;55;66;81;89;100;115;123;134;139;149;156;157;162;168;173;174;176;181;183;190;191;202;207;208;210;215;217;224;225;227;232;236;241;242
243,244,243,0,P2,
244,245,244,8,P1,14;48;82;116;150;184
245,246,245,1,P1,0;5;17;22;30;39;49;56;64;70;73;83;90;98;104;107;117;124;132;138;141;151;158;166;172;175;185;192;195;200;206;209;214;216;226;229;231;233;234;240;243
246,247,246,9,P1,1;4;17;18;23;25;30;35;38;52;57;59;64;71;72;73;89;91;93;98;105;106;107;123;125;127;132;139;140;141;143;157;159;160;161;173;174;175;177;180;191;193;194;195;200;207;208;209;211;214;215;217;225;227;228;229;231;232;241;242;243;245;246
247,248,247,4,P1,18;21;52;55;69;89;103;123;137;144;157;171;178;181;191;203;212;215;225;232;246;247
248,249,248,4,P1,14;16;48;50;82;84;116;118;150;152;184;186;218;220;235
249,250,249,14,P1,2;9;22;31;34;36;43;49;51;56;65;68;70;77;83;85;90;99;102;104;111;117;119;124;133;136;138;145;151;153;158;167;170;172;179;185;187;192;199;201;204;206;213;216;219;221;223;226;233;238;240;247
250,251,250,5,P1,3;5;6;23;26;27;29;30;34;37;39;40;57;60;61;63;64;68;71;73;74;75;77;91;93;94;95;97;98;102;105;107;108;109;111;125;127;128;129;131;132;136;139;141;142;143;145;159;161;162;163;165;166;173;175;176;177;179;182;189;193;195;196;197;199;204;207;209;210;211;213;216;217;223;224;227;229;230;231;233;240;241;243;244;245;247
251,252,251,13,P1,25;28;59;62;76;86;93;96;110;120;127;130;144;161;164;178;183;190;195;198;209;212;217;224;229;232;241;243;246
252,253,252,4,P1,137;171;203
253,254,253,0,P2,
254,255,254,8,P1,7;9;10;12;26;27;34;41;43;44;46;60;61;68;75;77;78;80;94;95;97;102;109;111;112;114;128;129;131;136;143;145;146;148;162;163;165;168;170;174;177;179;180;182;196;197;199;202;211;213;214;216;223;228;230;231;233;236;240;245;247;248;250
255,256,255,1,P1,0;8;11;13;15;26;28;29;30;42;45;47;60;62;63;64;76;79;81;94;96;97;110;113;115;128;130;131;144;147;149;162;164;165;178;181;183;189;194;196;198;199;212;213;215;217;223;224;228;230;232;233;240;241;243;245;246;247;249;251
256,257,256,2,P1,1;32;35;86;120;154;190;224;241;246
257,258,257,4,P1,69;86;103;120;137
258,259,258,0,P2,
259,260,259,1,P1,2;17;34;36;68;70;104;138;172;206;209;228;230;240;243;245;247
260,261,260,2,P1,0;3;5;15;18;30;32;37;39;52;64;71;73;98;105;107;132;139;141;166;173;175;194;200;207;209;228;241;243;245;246
261,262,261,2,P1,1;21;32;35;55;89;123;157;158;191;192;225;226;246;259;260;261
262,263,262,4,P1,4;38;72;89;106;123;140;157;159;174;176;182;191;193;208;210;225;227;236;242;244;259;261;262
263,264,263,8,P1,2;14;19;31;36;48;53;65;70;82;87;99;104;116;121;133;138;150;155;167;172;183;184;189;201;202;206;213;218;223;230;235;236;240;247;252;257
264,265,264,5,P1,3;7;9;14;20;30;34;37;41;43;48;49;54;64;68;71;75;77;82;83;88;98;102;105;107;109;111;116;117;122;132;136;139;141;143;145;150;151;156;166;170;173;175;177;179;185;190;196;200;204;207;209;211;213;218;219;224;230;234;241;243;245;247;253;258
265,266,265,9,P1,5;8;25;39;42;49;59;73;76;83;90;93;107;110;117;124;127;141;144;151;158;161;175;178;192;195;209;212;219;226;229;243;246;260;263
266,267,266,4,P1,4;21;38;55;69;72;86;89;91;93;103;106;120;123;125;127;137;140;154;157;159;161;163;171;174;180;188;191;193;195;197;208;214;225;227;229;231;242;248;259;261;263;265;266
267,268,267,12,P1,4;38;72;106;140;164;174;181;198;208;215;225;232;236;242;249;254;259;266;267
268,269,268,8,P1,7;14;16;24;26;34;41;48;50;58;60;68;75;82;84;92;94;102;109;111;116;118;126;128;136;143;145;150;152;160;162;169;170;177;179;184;186;194;196;202;203;204;211;213;220;228;230;236;238;245;247;255;262;264
269,270,269,6,P1,8;9;22;29;42;43;49;51;56;63;76;77;83;85;90;97;110;111;117;119;124;131;144;145;151;153;158;165;178;179;185;187;192;199;212;213;221;226;233;246;247;260;267
270,271,270,9,P1,12;15;23;25;46;57;59;80;91;93;95;97;114;125;127;129;131;148;159;161;163;165;182;193;195;197;199;216;227;229;231;233;244;250;260;261;263;265;267
271,272,271,9,P1,13;47;69;81;96;103;115;130;137;149;154;164;171;183;188;198;210;217;229;232;242;244;251;259;261;263;266
272,273,272,0,P2,
273,274,273,8,P1,14;48;82
274,275,274,2,P1,0;12;27;29;32;46;49;61;63;80;83;95;97;114;129;131;148;163;165;182;197;199;216;231;233;248;250;260;265;267
275,276,275,9,P1,1;12;13;15;17;28;35;46;47;62;80;81;96;114;115;130;148;149;164;172;182;183;189;198;206;214;216;217;223;225;232;233;240;242;244;248;249;250;251;257;259;260;261;263;265;266;267;274;275
276,277,276,3,P1,13;18;21;47;52;55;66;69;81;89;100;115;123;134;149;157;168;173;183;190;191;196;202;207;208;210;215;217;224;225;236;241;242;244;249;251;258;259;261;266;270;275;276
277,278,277,0,P2,
278,279,278,8,P1,14;48;82;116;150;184;218
279,280,279,1,P1,0;5;17;22;30;39;49;56;64;73;83;90;98;104;107;117;124;132;138;141;151;158;166;172;175;185;192;200;206;209;219;226;229;234;240;243;248;250;260;263;265;267;268;274;277
280,281,280,9,P1,1;4;17;18;23;25;30;35;38;52;57;59;64;72;91;93;98;105;106;107;123;125;127;132;139;140;141;157;159;161;166;173;174;175;177;191;193;194;195;207;208;209;211;214;225;227;228;229;234;241;242;243;245;248;249;251;259;261;262;263;265;266;275;276;277;279;280
281,282,281,4,P1,18;21;52;55;69;89;103;123;137;157;171;178;191;205;212;215;225;237;246;249;259;266;280;281
282,283,282,4,P1,14;16;48;50;82;84;116;118;150;152;184;186;218;220;252;254;269
283,284,283,14,P1,2;9;22;31;34;36;43;49;51;56;65;68;70;77;83;85;90;99;102;104;111;117;119;124;133;136;138;145;151;153;158;167;170;172;179;185;187;192;201;204;206;213;219;221;226;233;235;238;240;247;250;253;255;257;260;267;272;274;281
284,285,284,5,P1,3;5;6;23;26;27;29;30;34;37;39;40;57;60;61;63;64;68;71;73;74;91;94;95;97;98;102;105;107;108;109;111;125;127;128;129;131;132;136;139;141;142;143;145;159;161;162;163;165;166;170;173;175;176;177;179;193;195;196;197;199;200;207;209;210;211;213;216;223;227;229;230;231;233;238;241;243;244;245;247;250;251;257;258;261;263;264;265;267;274;275;277;278;279;281
285,286,285,13,P1,25;28;59;62;86;93;96;110;120;127;130;144;154;161;164;178;195;198;212;217;224;229;232;243;246;251;258;263;266;275;277;280
286,287,286,4,P1,171;205;237
287,288,287,0,P2,
288,289,288,8,P1,7;9;10;12;26;27;34;41;43;44;46;60;61;68;75;77;78;80;94;95;102;109;111;112;114;128;129;131;136;143;145;146;148;162;163;165;170;177;179;180;182;196;197;199;202;204;208;211;213;214;216;230;231;233;236;245;247;248;250;257;262;264;265;267;270;274;279;281;282;284
289,290,289,1,P1,0;8;11;13;15;26;28;29;30;42;45;47;60;62;63;64;76;79;81;94;96;97;98;110;113;115;128;130;131;144;147;149;162;164;165;178;181;183;196;198;199;212;215;217;223;228;230;232;233;246;247;249;251;257;258;262;264;266;267;274;275;277;279;280;281;283;285
290,291,290,2,P1,1;32;35;86;120;154;188;224;258;275;280
291,292,291,4,P1,69;86;103;120;137;154;171
292,293,292,0,P2,
293,294,293,5,P1,2;17;34;36;68;70;102;104;138;172;206;240;243;262;264;274;277;279;281
294,295,294,2,P1,0;3;5;15;18;30;32;37;39;52;64;71;73;98;105;107;132;139;141;166;173;175;200;207;209;228;234;241;243;262;275;277;279;280
295,296,295,2,P1,1;21;32;35;55;86;89;123;157;191;192;225;226;259;260;280;293;294;295
296,297,296,4,P1,4;38;72;106;123;140;157;174;191;193;208;210;216;225;227;242;244;259;261;270;276;278;293;295;296
297,298,297,8,P1,14;19;31;36;48;53;65;70;82;87;99;104;116;121;133;138;150;155;167;172;184;189;201;206;217;218;223;235;236;240;247;252;257;264;269;270;274;281;286;291
298,299,298,5,P1,7;9;14;20;30;34;37;41;43;48;49;54;64;68;71;75;77;82;83;88;98;102;105;109;111;116;117;122;132;136;139;141;143;145;150;151;156;166;170;173;175;177;179;184;185;190;200;204;207;209;211;213;219;224;230;234;238;241;243;245;247;252;253;258;264;268;275;277;279;281;287;292
299,300,299,9,P1,5;8;25;39;42;49;59;73;76;83;93;107;110;117;124;127;141;144;151;158;161;175;178;185;192;195;209;212;226;229;243;246;253;260;263;277;280;294;297
300,301,300,4,P1,4;21;38;55;69;72;86;89;103;106;120;123;125;127;137;140;154;157;159;161;171;174;188;191;193;195;197;205;208;214;222;225;227;229;231;242;248;259;261;263;265;276;282;293;295;297;299;300
301,302,301,12,P1,4;38;72;106;140;174;198;208;215;232;242;249;259;266;270;276;283;288;293;300;301
302,303,302,8,P1,14;16;24;26;34;41;48;50;58;60;68;75;82;84;92;94;102;109;116;118;126;128;136;143;145;150;152;160;162;170;177;179;184;186;194;196;203;204;211;213;218;220;228;230;236;237;238;245;247;254;262;264;270;272;279;281;289;296;298
303,304,303,6,P1,9;22;29;42;43;49;51;56;63;76;77;83;85;90;97;110;111;117;119;124;131;144;145;151;153;158;165;178;179;185;187;192;199;212;213;219;221;226;233;246;247;255;260;267;280;281;294;301
304,305,304,9,P1,12;15;23;25;46;57;59;80;91;93;114;125;127;129;131;148;159;161;163;165;182;193;195;197;199;216;227;229;231;233;250;261;263;265;267;278;284;294;295;297;299;301
305,306,305,9,P1,13;47;69;81;103;115;130;137;149;164;171;183;188;198;205;217;222;232;244;251;263;266;276;278;285;293;295;297;300
306,307,306,0,P2,
307,308,307,8,P1,14;48;82;116
308,309,308,2,P1,0;12;27;29;32;46;49;61;63;80;83;95;97;114;117;129;131;148;163;165;182;197;199;216;231;233;250;265;267;282;284;294;299;301
309,310,309,9,P1,1;12;13;15;17;28;35;46;47;62;80;81;96;114;115;130;148;149;164;182;183;198;206;216;217;223;232;240;248;250;251;257;259;266;267;274;276;278;282;283;284;285;291;293;294;295;297;299;300;301;308;309
310,311,310,3,P1,13;18;21;47;52;55;66;69;81;89;100;103;115;123;134;149;157;168;183;191;202;207;217;224;225;230;236;241;242;244;249;251;258;259;270;275;276;278;283;285;292;293;295;300;304;309;310
311,312,311,15,P1,16
312,313,312,8,P1,14;48;82;116;150;184;218;252
313,314,313,1,P1,5;17;22;30;39;49;56;64;73;83;90;98;107;117;124;132;138;141;151;158;166;172;175;185;192;200;206;209;219;226;234;240;243;253;260;263;268;274;277;282;284;294;297;299;301;302;308;311
314,315,314,9,P1,4;17;18;23;25;30;35;38;52;57;59;64;72;91;93;98;106;125;127;132;139;140;141;157;159;161;166;173;174;175;191;193;195;200;207;208;209;211;225;227;228;229;241;242;243;245;248;259;261;262;263;268;275;276;277;279;282;283;285;293;295;296;297;299;300;309;310;311;313;314
315,316,315,4,P1,18;21;52;55;69;89;103;123;137;157;171;191;205;212;225;239;246;249;259;271;280;283;293;300;314;315
316,317,316,4,P1,14;16;48;50;82;84;116;118;150;152;184;186;218;220;252;254;286;288;303
317,318,317,14,P1,2;9;31;34;36;43;49;51;56;65;68;70;77;83;85;90;99;102;104;111;117;119;124;133;136;138;145;151;153;158;167;170;172;179;185;187;192;201;204;206;213;219;221;226;235;238;240;247;253;255;260;267;269;272;274;281;284;287;289;291;294;301;306;308;315
318,319,318,5,P1,3;6;26;27;29;30;34;37;39;40;57;60;61;63;64;68;71;73;74;91;94;95;97;98;102;105;107;108;125;128;129;131;132;136;139;141;142;143;145;159;161;162;163;165;166;170;173;175;176;177;179;193;195;196;197;199;200;204;207;209;210;211;213;227;229;230;231;233;234;241;243;244;245;247;250;257;261;263;264;265;267;272;275;277;278;279;281;284;285;291;292;295;297;298;299;301;308;309;311;312;313;315
319,320,319,13,P1,25;28;59;62;86;93;96;120;127;130;144;154;161;164;178;188;195;198;212;229;232;246;251;258;263;266;277;280;285;292;297;300;309;311;314
320,321,320,4,P1,205;239;271
321,322,321,0,P2,
322,323,322,8,P1,7;10;12;26;34;41;43;44;46;60;61;68;75;77;78;80;94;95;102;109;111;112;114;128;129;136;143;145;146;148;162;163;165;170;177;179;180;182;196;197;199;204;211;213;214;216;230;231;233;236;238;242;245;247;248;250;264;265;267;270;279;281;282;284;291;296;298;299;301;304;308;313;315;316;318
323,324,323,1,P1,0;8;11;13;15;26;29;30;42;45;47;60;62;63;64;76;79;81;94;96;97;98;110;113;115;128;130;131;132;144;147;149;162;164;165;178;181;183;196;198;199;212;215;217;230;232;233;246;249;251;257;262;264;266;267;280;281;283;285;291;292;296;298;300;301;308;309;311;313;314;315;317;319
324,325,324,2,P1,1;32;35;86;120;154;188;222;258;292;309;314
325,326,325,4,P1,69;86;103;120;137;154;171;188;205
326,327,326,8,P1,31
327,328,327,5,P1,2;17;34;36;68;70;102;104;136;138;172;206;240;274;277;296;298;308;311;313;315
328,329,328,13,P1,3;5;18;30;32;37;39;52;64;71;73;98;105;107;132;139;141;166;173;175;200;207;209;234;241;243;262;268;275;277;296;309;311;313;314
329,330,329,2,P1,21;32;35;55;86;89;120;123;157;191;225;226;259;260;293;294;314;327;328;329
330,331,330,4,P1,4;38;72;106;140;157;174;191;208;225;227;242;244;250;259;261;276;278;293;295;304;310;312;327;329;330
331,332,331,8,P1,14;19;31;48;53;65;70;82;87;99;104;116;121;133;138;150;155;167;172;184;189;201;206;218;223;235;240;251;252;257;269;270;274;281;286;291;298;303;304;308;315;320;325
332,333,332,5,P1,7;9;14;20;30;34;41;43;48;49;54;64;68;71;75;77;82;83;88;98;102;105;109;111;116;117;122;132;136;139;143;145;150;151;156;166;170;173;175;177;179;184;185;190;200;204;207;209;211;213;218;219;224;234;238;241;243;245;247;253;258;264;268;272;275;277;279;281;286;287;292;298;302;309;311;313;315;321;326
333,334,333,9,P1,8;25;39;42;49;59;73;76;83;93;107;110;117;127;141;144;151;158;161;175;178;185;192;195;209;212;219;226;229;243;246;260;263;277;280;287;294;297;311;314;328;331
334,335,334,4,P1,38;55;69;72;86;89;103;106;120;123;137;140;154;157;159;161;171;174;188;191;193;195;205;208;222;225;227;229;231;239;242;248;256;259;261;263;265;276;282;293;295;297;299;310;316;327;329;331;333;334
335,336,335,12,P1,4;38;72;106;140;174;208;232;242;249;266;276;283;293;300;304;310;317;322;327;334;335
336,337,336,8,P1,14;16;24;26;34;48;50;58;60;68;75;82;84;92;94;102;109;116;118;126;128;136;143;150;152;160;162;170;177;179;184;186;194;196;204;211;213;218;220;228;230;237;238;245;247;252;254;262;264;270;271;272;279;281;288;296;298;304;306;313;315;323;330;332
337,338,337,6,P1,22;29;43;49;51;56;63;76;77;83;85;90;97;110;111;117;119;124;131;144;145;151;153;158;165;178;179;185;187;192;199;212;213;219;221;226;233;246;247;253;255;260;267;280;281;289;294;301;314;315;328;335
338,339,338,9,P1,12;15;23;46;57;59;80;91;93;114;125;127;148;159;161;163;165;182;193;195;197;199;216;227;229;231;233;250;261;263;265;267;284;295;297;299;301;312;318;328;329;331;333;335
339,340,339,9,P1,13;47;69;81;103;115;137;149;164;171;183;198;205;217;222;232;239;251;256;266;278;285;297;300;310;312;319;327;329;331;334
340,341,340,0,P2,
341,342,341,8,P1,14;48;82;116;150
342,343,342,2,P1,0;27;32;46;49;61;63;80;83;95;97;114;117;129;131;148;151;163;165;182;197;199;216;231;233;250;265;267;284;299;301;316;318;328;333;335
343,344,343,9,P1,1;12;17;28;35;46;47;62;80;81;96;114;115;130;148;149;164;182;183;198;216;217;232;240;250;251;257;266;274;282;284;285;291;293;300;301;308;310;312;316;317;318;319;325;327;328;329;331;333;334;335;342;343
344,345,344,3,P1,13;18;21;47;52;55;66;69;81;89;100;103;115;123;134;137;149;157;168;183;191;202;217;225;236;241;251;258;259;264;270;275;276;278;283;285;292;293;304;309;310;312;317;319;326;327;329;334;338;343;344
345,346,345,15,P1,16;50
346,347,346,14,P1,14;48;51;82;116;150;184;218;252;286
347,348,347,1,P1,5;22;30;39;49;56;64;73;83;90;98;107;117;124;132;141;151;158;166;172;175;185;192;200;206;209;219;226;234;240;243;253;260;268;274;277;287;294;297;302;308;311;316;318;328;331;333;335;336;342;345
348,349,348,9,P1,4;17;23;25;30;38;52;57;59;64;72;91;93;98;106;125;127;132;140;159;161;166;173;174;175;191;193;195;200;207;208;209;225;227;229;234;241;242;243;245;259;261;262;263;275;276;277;279;282;293;295;296;297;302;309;310;311;313;316;317;319;327;329;330;331;333;334;343;344;345;347;348
349,350,349,4,P1,18;52;55;69;89;103;123;137;157;171;191;205;225;239;246;259;273;280;283;293;305;314;317;327;334;348;349
350,351,350,4,P1,14;16;48;50;82;84;116;118;150;152;184;186;218;220;252;254;286;288;320;322;337
351,352,351,14,P1,2;9;31;34;36;43;49;51;65;68;70;77;83;85;90;99;102;104;111;117;119;124;133;136;138;145;151;153;158;167;170;172;179;185;187;192;201;204;206;213;219;221;226;235;238;240;247;253;255;260;269;272;274;281;287;289;294;301;303;306;308;315;318;321;323;325;328;335;340;342;349
352,353,352,5,P1,3;6;26;27;29;30;34;37;40;60;61;63;64;68;71;73;74;91;94;95;97;98;102;105;107;108;125;128;129;131;132;136;139;141;142;159;162;163;165;166;170;173;175;176;177;179;193;195;196;197;199;200;204;207;209;210;211;213;227;229;230;231;233;234;238;241;243;244;245;247;261;263;264;265;267;268;275;277;278;279;281;284;291;295;297;298;299;301;306;309;311;312;313;315;318;319;325;326;329;331;332;333;335;342;343;345;346;347;349
353,354,353,13,P1,28;59;62;86;93;96;120;127;130;154;161;164;178;188;195;198;212;222;229;232;246;263;266;280;285;292;297;300;311;314;319;326;331;334;343;345;348
354,355,354,4,P1,239;273;305
355,356,355,0,P2,
356,357,356,8,P1,7;10;12;34;41;44;46;60;68;75;77;78;80;94;95;102;109;111;112;114;128;129;136;143;145;146;148;162;163;170;177;179;180;182;196;197;199;204;211;213;214;216;230;231;233;238;245;247;248;250;264;265;267;270;272;276;279;281;282;284;298;299;301;304;313;315;316;318;325;330;332;333;335;338;342;347;349;350;352
357,358,357,1,P1,0;8;11;13;15;26;30;42;45;47;60;63;64;76;79;81;94;96;97;98;110;113;115;128;130;131;132;144;147;149;162;164;165;166;178;181;183;196;198;199;212;215;217;230;232;233;246;249;251;264;266;267;280;283;285;291;296;298;300;301;314;315;317;319;325;326;330;332;334;335;342;343;345;347;348;349;351;353
358,359,358,2,P1,1;32;35;86;120;154;188;222;256;292;326;343;348
359,360,359,4,P1,69;86;103;120;137;154;171;188;205;222;239
360,361,360,8,P1,31;65
361,362,361,5,P1,2;17;34;36;68;70;102;104;136;138;170;172;206;240;274;308;311;330;332;342;345;347;349
362,363,362,13,P1,3;5;18;30;37;39;52;64;71;73;98;105;107;132;139;141;166;173;175;200;207;209;234;241;243;268;275;277;296;302;309;311;330;343;345;347;348
363,364,363,2,P1,21;32;55;86;89;120;123;154;157;191;225;259;260;293;294;327;328;348;361;362;363
364,365,364,4,P1,4;38;72;106;140;174;191;208;225;242;259;261;276;278;284;293;295;310;312;327;329;338;344;346;361;363;364
365,366,365,8,P1,14;19;31;48;53;65;82;87;99;104;116;121;133;138;150;155;167;172;184;189;201;206;218;223;235;240;252;257;269;274;285;286;291;303;304;308;315;320;325;332;337;338;342;349;354;359
366,367,366,5,P1,7;9;14;20;30;34;41;43;48;49;54;64;68;75;77;82;83;88;98;102;105;109;111;116;117;122;132;136;139;143;145;150;151;156;166;170;173;177;179;184;185;190;200;204;207;209;211;213;218;219;224;234;238;241;243;245;247;252;253;258;268;272;275;277;279;281;287;292;298;302;306;309;311;313;315;320;321;326;332;336;343;345;347;349;355;360
367,368,367,9,P1,8;25;42;49;59;73;76;83;93;107;110;117;127;141;144;151;161;175;178;185;192;195;209;212;219;226;229;243;246;253;260;263;277;280;294;297;311;314;321;328;331;345;348;362;365
368,369,368,4,P1,69;72;86;89;103;106;120;123;137;140;154;157;171;174;188;191;193;195;205;208;222;225;227;229;239;242;256;259;261;263;265;273;276;282;290;293;295;297;299;310;316;327;329;331;333;344;350;361;363;365;367;368
369,370,369,12,P1,4;38;72;106;140;174;208;242;266;276;283;300;310;317;327;334;338;344;351;356;361;368;369
370,371,370,8,P1,14;16;24;26;34;48;50;58;60;68;82;84;92;94;102;109;116;118;126;128;136;143;150;152;160;162;170;177;184;186;194;196;204;211;213;218;220;228;230;238;245;247;252;254;262;264;271;272;279;281;286;288;296;298;304;305;306;313;315;322;330;332;338;340;347;349;357;364;366
371,372,371,6,P1,22;29;49;51;56;63;77;83;85;90;97;110;111;117;119;124;131;144;145;151;153;158;165;178;179;185;187;192;199;212;213;219;221;226;233;246;247;253;255;260;267;280;281;287;289;294;301;314;315;323;328;335;348;349;362;369
372,373,372,9,P1,12;15;23;46;57;80;91;93;114;125;127;148;159;161;182;193;195;197;199;216;227;229;231;233;250;261;263;265;267;284;295;297;299;301;318;329;331;333;335;346;352;362;363;365;367;369
373,374,373,9,P1,13;47;69;81;103;115;137;149;171;183;198;205;217;232;239;251;256;266;273;285;290;300;312;319;331;334;344;346;353;361;363;365;368
374,375,374,0,P2,
375,376,375,8,P1,14;48;82;116;150;184
376,377,376,2,P1,0;27;32;49;61;80;83;95;97;114;117;129;131;148;151;163;165;182;185;197;199;216;231;233;250;265;267;284;299;301;318;333;335;350;352;362;367;369
377,378,377,9,P1,1;12;17;28;35;46;62;80;81;96;114;115;130;148;149;164;182;183;198;216;217;232;250;251;266;274;284;285;291;300;308;316;318;319;325;327;334;335;342;344;346;350;351;352;353;359;361;362;363;365;367;368;369;376;377
378,379,378,3,P1,13;18;21;47;52;55;66;69;81;89;100;103;115;123;134;137;149;157;168;171;183;191;202;217;225;236;251;259;270;275;285;292;293;298;304;309;310;312;317;319;326;327;338;343;344;346;351;353;360;361;363;368;372;377;378
379,380,379,15,P1,16;50;84
380,381,380,14,P1,14;48;51;82;85;116;150;184;218;252;286;320
381,382,381,1,P1,5;22;30;39;49;56;64;73;83;90;98;107;117;124;132;141;151;158;166;175;185;192;200;206;209;219;226;234;240;243;253;260;268;274;277;287;294;302;308;311;321;328;331;336;342;345;350;352;362;365;367;369;370;376;379
382,383,382,9,P1,4;17;23;25;30;38;57;59;64;72;91;93;98;106;125;127;132;140;159;161;166;174;193;195;200;207;208;209;225;227;229;234;241;242;243;259;261;263;268;275;276;277;279;293;295;296;297;309;310;311;313;316;327;329;330;331;336;343;344;345;347;350;351;353;361;363;364;365;367;368;377;378;379;381;382
383,384,383,4,P1,18;52;69;89;103;123;137;157;171;191;205;225;239;259;273;280;293;307;314;317;327;339;348;351;361;368;382;383
384,385,384,4,P1,14;16;48;50;82;84;116;118;150;152;184;186;218;220;252;254;286;288;320;322;354;356;371
385,386,385,14,P1,2;9;31;34;36;43;49;51;65;68;70;77;83;85;99;102;104;111;117;119;124;133;136;138;145;151;153;158;167;170;172;179;185;187;192;201;204;206;213;219;221;226;235;238;240;247;253;255;260;269;272;274;281;287;289;294;303;306;308;315;321;323;328;335;337;340;342;349;352;355;357;359;362;369;374;376;383
386,387,386,5,P1,3;6;26;27;29;30;34;37;40;60;61;63;64;68;71;74;94;95;97;98;102;105;107;108;125;128;129;131;132;136;139;141;142;159;162;163;165;166;170;173;175;176;193;196;197;199;200;204;207;209;210;211;213;227;229;230;231;233;234;238;241;243;244;245;247;261;263;264;265;267;268;272;275;277;278;279;281;295;297;298;299;301;302;309;311;312;313;315;318;325;329;331;332;333;335;340;343;345;346;347;349;352;353;359;360;363;365;366;367;369;376;377;379;380;381;383
387,388,387,13,P1,28;62;86;93;96;120;127;130;154;161;164;188;195;198;212;222;229;232;246;256;263;266;280;297;300;314;319;326;331;334;345;348;353;360;365;368;377;379;382
388,389,388,4,P1,273;307;339
389,390,389,0,P2,
390,391,390,8,P1,7;10;12;34;41;44;46;68;75;78;80;94;102;109;111;112;114;128;129;136;143;145;146;148;162;163;170;177;179;180;182;196;197;204;211;213;214;216;230;231;233;238;245;247;248;250;264;265;267;272;279;281;282;284;298;299;301;304;306;310;313;315;316;318;332;333;335;338;347;349;350;352;359;364;366;367;369;372;376;381;383;384;386
391,392,391,1,P1,0;8;11;13;15;26;30;42;45;47;60;64;76;79;81;94;97;98;110;113;115;128;130;131;132;144;147;149;162;164;165;166;178;181;183;196;198;199;200;212;215;217;230;232;233;246;249;251;264;266;267;280;283;285;298;300;301;314;317;319;325;330;332;334;335;348;349;351;353;359;360;364;366;368;369;376;377;379;381;382;383;385;387
392,393,392,2,P1,1;32;35;86;120;154;188;222;256;290;326;360;377;382
393,394,393,4,P1,69;86;103;120;137;154;171;188;205;222;239;256;273
394,395,394,8,P1,31;65;99
395,396,395,5,P1,2;17;34;36;68;70;102;104;136;138;170;172;204;206;240;274;308;342;345;364;366;376;379;381;383
396,397,396,13,P1,3;5;18;30;37;39;52;64;71;73;98;105;107;132;139;141;166;173;175;200;207;209;234;241;243;268;275;277;302;309;311;330;336;343;345;364;377;379;381;382
397,398,397,2,P1,21;32;55;69;86;89;120;123;154;157;188;191;225;259;293;294;327;328;361;362;382;395;396;397
398,399,398,4,P1,4;38;72;106;140;174;208;225;242;259;276;293;295;310;312;318;327;329;344;346;361;363;372;378;380;395;397;398
399,400,399,8,P1,14;19;31;48;53;65;82;87;99;116;121;133;138;150;155;167;172;184;189;201;206;218;223;235;240;252;257;269;274;286;291;303;308;319;320;325;337;338;342;349;354;359;366;371;372;376;383;388;393
400,401,400,5,P1,7;9;14;20;30;34;41;43;48;49;54;64;68;75;77;82;83;88;98;102;109;111;116;117;122;132;136;139;143;145;150;151;156;166;170;173;177;179;184;185;190;200;204;207;211;213;218;219;224;234;238;241;243;245;247;252;253;258;268;272;275;277;279;281;286;287;292;302;306;309;311;313;315;321;326;332;336;340;343;345;347;349;354;355;360;366;370;377;379;381;383;389;394
401,402,401,9,P1,8;25;42;49;59;76;83;93;107;110;117;127;141;144;151;161;175;178;185;195;209;212;219;226;229;243;246;253;260;263;277;280;287;294;297;311;314;328;331;345;348;355;362;365;379;382;396;399
402,403,402,4,P1,69;86;103;106;120;123;137;140;154;157;171;174;188;191;205;208;222;225;227;229;239;242;256;259;261;263;273;276;290;293;295;297;299;307;310;316;324;327;329;331;333;344;350;361;363;365;367;378;384;395;397;399;401;402
403,404,403,12,P1,4;38;72;106;140;174;208;242;276;300;310;317;334;344;351;361;368;372;378;385;390;395;402;403
404,405,404,8,P1,14;16;24;26;34;48;50;58;60;68;82;84;92;94;102;116;118;126;128;136;143;150;152;160;162;170;177;184;186;194;196;204;211;218;220;228;230;238;245;247;252;254;262;264;272;279;281;286;288;296;298;305;306;313;315;320;322;330;332;338;339;340;347;349;356;364;366;372;374;381;383;391;398;400
405,406,405,6,P1,22;29;49;51;56;63;83;85;90;97;111;117;119;124;131;144;145;151;153;158;165;178;179;185;187;192;199;212;213;219;221;226;233;246;247;253;255;260;267;280;281;287;289;294;301;314;315;321;323;328;335;348;349;357;362;369;382;383;396;403
406,407,406,9,P1,12;15;23;46;57;80;91;114;125;127;148;159;161;182;193;195;216;227;229;231;233;250;261;263;265;267;284;295;297;299;301;318;329;331;333;335;352;363;365;367;369;380;386;396;397;399;401;403
407,408,407,9,P1,13;47;69;81;103;115;137;149;171;183;205;217;232;239;251;266;273;285;290;300;307;319;324;334;346;353;365;368;378;380;387;395;397;399;402
408,409,408,0,P2,
409,410,409,8,P1,14;48;82;116;150;184;218
410,411,410,2,P1,0;27;32;49;61;83;95;114;117;129;131;148;151;163;165;182;185;197;199;216;219;231;233;250;265;267;284;299;301;318;333;335;352;367;369;384;386;396;401;403
411,412,411,9,P1,1;12;17;28;35;46;62;80;96;114;115;130;148;149;164;182;183;198;216;217;232;250;251;266;284;285;300;308;318;319;325;334;342;350;352;353;359;361;368;369;376;378;380;384;385;386;387;393;395;396;397;399;401;402;403;410;411
412,413,412,3,P1,13;18;21;47;52;55;66;69;81;89;100;103;115;123;134;137;149;157;168;171;183;191;202;205;217;225;236;251;259;270;285;293;304;309;319;326;327;332;338;343;344;346;351;353;360;361;372;377;378;380;385;387;394;395;397;402;406;411;412
413,414,413,15,P1,16;50;84;118
414,415,414,14,P1,14;48;51;82;85;116;119;150;184;218;252;286;320;354
415,416,415,1,P1,5;22;30;39;49;56;64;73;83;90;98;107;117;124;132;141;151;158;166;175;185;192;200;209;219;226;234;240;243;253;260;268;274;277;287;294;302;308;311;321;328;336;342;345;355;362;365;370;376;379;384;386;396;399;401;403;404;410;413
416,417,416,9,P1,4;17;23;25;30;38;57;59;64;72;91;93;98;106;125;127;132;140;159;161;166;174;193;195;200;208;227;229;234;241;242;243;259;261;263;268;275;276;277;293;295;297;302;309;310;311;313;327;329;330;331;343;344;345;347;350;361;363;364;365;370;377;378;379;381;384;385;387;395;397;398;399;401;402;411;412;413;415;416
417,418,417,4,P1,18;52;103;123;137;157;171;191;205;225;239;259;273;293;307;314;327;341;348;351;361;373;382;385;395;402;416;417
418,419,418,4,P1,14;16;48;50;82;84;116;118;150;152;184;186;218;220;252;254;286;288;320;322;354;356;388;390;405
419,420,419,14,P1,2;9;31;34;36;43;49;51;65;68;70;77;83;85;99;102;104;111;117;119;133;136;138;145;151;153;158;167;170;172;179;185;187;192;201;204;206;213;219;221;226;235;238;240;247;253;255;260;269;272;274;281;287;289;294;303;306;308;315;321;323;328;337;340;342;349;355;357;362;369;371;374;376;383;386;389;391;393;396;403;408;410;417
420,421,420,5,P1,3;6;26;27;29;30;34;37;40;60;61;63;64;68;71;74;94;95;97;98;102;105;108;128;129;131;132;136;139;141;142;159;162;163;165;166;170;173;175;176;193;196;197;199;200;204;207;209;210;227;230;231;233;234;238;241;243;244;245;247;261;263;264;265;267;268;272;275;277;278;279;281;295;297;298;299;301;302;306;309;311;312;313;315;329;331;332;333;335;336;343;345;346;347;349;352;359;363;365;366;367;369;374;377;379;380;381;383;386;387;393;394;397;399;400;401;403;410;411;413;414;415;417
421,422,421,13,P1,28;62;86;96;120;127;130;154;161;164;188;195;198;222;229;232;246;256;263;266;280;290;297;300;314;331;334;348;353;360;365;368;379;382;387;394;399;402;411;413;416
422,423,422,4,P1,307;341;373
423,424,423,0,P2,
424,425,424,8,P1,7;10;12;34;41;44;46;68;75;78;80;102;109;112;114;128;136;143;145;146;148;162;163;170;177;179;180;182;196;197;204;211;213;214;216;230;231;238;245;247;248;250;264;265;267;272;279;281;282;284;298;299;301;306;313;315;316;318;332;333;335;338;340;344;347;349;350;352;366;367;369;372;381;383;384;386;393;398;400;401;403;406;410;415;417;418;420
425,426,425,1,P1,0;8;11;13;15;26;30;42;45;47;60;64;76;79;81;94;98;110;113;115;128;131;132;144;147;149;162;164;165;166;178;181;183;196;198;199;200;212;215;217;230;232;233;234;246;249;251;264;266;267;280;283;285;298;300;301;314;317;319;332;334;335;348;351;353;359;364;366;368;369;382;383;385;387;393;394;398;400;402;403;410;411;413;415;416;417;419;421
426,427,426,2,P1,1;32;35;86;120;154;188;222;256;290;324;360;394;411;416
427,428,427,4,P1,69;86;103;120;137;154;171;188;205;222;239;256;273;290;307
428,429,428,8,P1,31;65;99;133
429,430,429,5,P1,2;17;34;36;68;70;102;104;136;138;170;172;204;206;238;240;274;308;342;376;379;398;400;410;413;415;417
430,431,430,13,P1,3;5;18;30;37;39;52;64;71;73;98;105;107;132;139;141;166;173;175;200;207;209;234;241;243;268;275;277;302;309;311;336;343;345;364;370;377;379;398;411;413;415;416
431,432,431,2,P1,21;32;55;69;86;89;103;120;123;154;157;188;191;222;225;259;293;327;328;361;362;395;396;416;429;430;431
432,433,432,4,P1,4;38;72;106;140;174;208;242;259;276;293;310;327;329;344;346;352;361;363;378;380;395;397;406;412;414;429;431;432
433,434,433,8,P1,14;19;31;48;53;65;82;87;99;116;121;133;150;155;167;172;184;189;201;206;218;223;235;240;252;257;269;274;286;291;303;308;320;325;337;342;353;354;359;371;372;376;383;388;393;400;405;406;410;417;422;427
434,435,434,5,P1,7;9;14;20;30;34;41;43;48;49;54;64;68;75;77;82;83;88;98;102;109;111;116;117;122;132;136;143;145;150;151;156;166;170;173;177;179;184;185;190;200;204;207;211;213;218;219;224;234;238;241;245;247;252;253;258;268;272;275;277;279;281;286;287;292;302;306;309;311;313;315;320;321;326;336;340;343;345;347;349;355;360;366;370;374;377;379;381;383;388;389;394;400;404;411;413;415;417;423;428
435,436,435,9,P1,8;25;42;49;59;76;83;93;110;117;127;141;144;151;161;175;178;185;195;209;212;219;229;243;246;253;260;263;277;280;287;294;297;311;314;321;328;331;345;348;362;365;379;382;389;396;399;413;416;430;433
436,437,436,4,P1,69;86;103;120;137;140;154;157;171;174;188;191;205;208;222;225;239;242;256;259;261;263;273;276;290;293;295;297;307;310;324;327;329;331;333;341;344;350;358;361;363;365;367;378;384;395;397;399;401;412;418;429;431;433;435;436
437,438,437,12,P1,4;38;72;106;140;174;208;242;276;310;334;344;351;368;378;385;395;402;406;412;419;424;429;436;437
438,439,438,8,P1,14;16;24;26;34;48;50;58;60;68;82;84;92;94;102;116;118;126;128;136;150;152;160;162;170;177;184;186;194;196;204;211;218;220;228;230;238;245;252;254;262;264;272;279;281;286;288;296;298;306;313;315;320;322;330;332;339;340;347;349;354;356;364;366;372;373;374;381;383;390;398;400;406;408;415;417;425;432;434
439,440,439,6,P1,22;29;49;51;56;63;83;85;90;97;117;119;124;131;145;151;153;158;165;178;179;185;187;192;199;212;213;219;221;226;233;246;247;253;255;260;267;280;281;287;289;294;301;314;315;321;323;328;335;348;349;355;357;362;369;382;383;391;396;403;416;417;430;437
440,441,440,9,P1,12;15;23;46;57;80;91;114;125;148;159;161;182;193;195;216;227;229;250;261;263;265;267;284;295;297;299;301;318;329;331;333;335;352;363;365;367;369;386;397;399;401;403;414;420;430;431;433;435;437
441,442,441,9,P1,13;47;69;81;103;115;137;149;171;183;205;217;239;251;266;273;285;300;307;319;324;334;341;353;358;368;380;387;399;402;412;414;421;429;431;433;436
442,443,442,0,P2,
443,444,443,8,P1,14;48;82;116;150;184;218;252
444,445,444,2,P1,0;27;32;49;61;83;95;117;129;148;151;163;165;182;185;197;199;216;219;231;233;250;253;265;267;284;299;301;318;333;335;352;367;369;386;401;403;418;420;430;435;437
445,446,445,9,P1,1;12;17;28;35;46;62;80;96;114;130;148;149;164;182;183;198;216;217;232;250;251;266;284;285;300;318;319;334;342;352;353;359;368;376;384;386;387;393;395;402;403;410;412;414;418;419;420;421;427;429;430;431;433;435;436;437;444;445
446,447,446,3,P1,13;18;21;47;52;55;66;69;81;89;100;103;115;123;134;137;149;157;168;171;183;191;202;205;217;225;236;239;251;259;270;285;293;304;319;327;338;343;353;360;361;366;372;377;378;380;385;387;394;395;406;411;412;414;419;421;428;429;431;436;440;445;446
447,448,447,15,P1,16;50;84;118;152
448,449,448,14,P1,14;48;51;82;85;116;119;150;153;184;218;252;286;320;354;388
449,450,449,1,P1,5;22;30;39;49;56;64;73;83;90;98;107;117;124;132;141;151;158;166;175;185;192;200;209;219;226;234;243;253;260;268;274;277;287;294;302;308;311;321;328;336;342;345;355;362;370;376;379;389;396;399;404;410;413;418;420;430;433;435;437;438;444;447
450,451,450,9,P1,4;17;23;25;30;38;57;59;64;72;91;93;98;106;125;127;132;140;159;161;166;174;193;195;200;208;227;229;234;242;261;263;268;275;276;277;293;295;297;302;309;310;311;327;329;331;336;343;344;345;347;361;363;364;365;377;378;379;381;384;395;397;398;399;404;411;412;413;415;418;419;421;429;431;432;433;435;436;445;446;447;449;450
451,452,451,4,P1,18;52;137;157;171;191;205;225;239;259;273;293;307;327;341;348;361;375;382;385;395;407;416;419;429;436;450;451
452,453,452,4,P1,14;16;48;50;82;84;116;118;150;152;184;186;218;220;252;254;286;288;320;322;354;356;388;390;422;424;439
453,454,453,14,P1,2;9;31;34;36;43;49;51;65;68;70;77;83;85;99;102;104;111;117;119;133;136;138;145;151;153;167;170;172;179;185;187;192;201;204;206;213;219;221;226;235;238;240;247;253;255;260;269;272;274;281;287;289;294;303;306;308;315;321;323;328;337;340;342;349;355;357;362;371;374;376;383;389;391;396;403;405;408;410;417;420;423;425;427;430;437;442;444;451
454,455,454,5,P1,3;6;26;27;29;30;34;37;40;60;61;63;64;68;71;74;94;95;97;98;102;105;108;128;129;131;132;136;139;142;162;163;165;166;170;173;175;176;193;196;197;199;200;204;207;209;210;227;230;231;233;234;238;241;243;244;261;264;265;267;268;272;275;277;278;279;281;295;297;298;299;301;302;306;309;311;312;313;315;329;331;332;333;335;336;340;343;345;346;347;349;363;365;366;367;369;370;377;379;380;381;383;386;393;397;399;400;401;403;408;411;413;414;415;417;420;421;427;428;431;433;434;435;437;444;445;447;448;449;451
455,456,455,13,P1,28;62;86;96;120;130;154;161;164;188;195;198;222;229;232;256;263;266;280;290;297;300;314;324;331;334;348;365;368;382;387;394;399;402;413;416;421;428;433;436;445;447;450
456,457,456,4,P1,341;375;407
457,458,457,0,P2,
458,459,458,8,P1,7;10;12;34;41;44;46;68;75;78;80;102;109;112;114;136;143;146;148;162;170;177;179;180;182;196;197;204;211;213;214;216;230;231;238;245;247;248;250;264;265;272;279;281;282;284;298;299;301;306;313;315;316;318;332;333;335;340;347;349;350;352;366;367;369;372;374;378;381;383;384;386;400;401;403;406;415;417;418;420;427;432;434;435;437;440;444;449;451;452;454
459,460,459,1,P1,0;8;11;13;15;26;30;42;45;47;60;64;76;79;81;94;98;110;113;115;128;132;144;147;149;162;165;166;178;181;183;196;198;199;200;212;215;217;230;232;233;234;246;249;251;264;266;267;268;280;283;285;298;300;301;314;317;319;332;334;335;348;351;353;366;368;369;382;385;387;393;398;400;402;403;416;417;419;421;427;428;432;434;436;437;444;445;447;449;450;451;453;455
460,461,460,2,P1,1;32;35;86;120;154;188;222;256;290;324;358;394;428;445;450
461,462,461,4,P1,69;86;103;120;137;154;171;188;205;222;239;256;273;290;307;324;341
462,463,462,8,P1,31;65;99;133;167
463,464,463,5,P1,2;17;34;36;68;70;102;104;136;138;170;172;204;206;238;240;272;274;308;342;376;410;413;432;434;444;447;449;451
464,465,464,13,P1,3;5;18;30;37;39;52;64;71;73;98;105;107;132;139;141;166;173;175;200;207;209;234;241;243;268;275;277;302;309;311;336;343;345;370;377;379;398;404;411;413;432;445;447;449;450
465,466,465,2,P1,21;32;55;69;86;89;103;120;123;137;154;157;188;191;222;225;256;259;293;327;361;362;395;396;429;430;450;463;464;465
466,467,466,4,P1,4;38;72;106;140;174;208;242;276;293;310;327;344;361;363;378;380;386;395;397;412;414;429;431;440;446;448;463;465;466
467,468,467,8,P1,14;19;31;48;53;65;82;87;99;116;121;133;150;155;167;184;189;201;206;218;223;235;240;252;257;269;274;286;291;303;308;320;325;337;342;354;359;371;376;387;388;393;405;406;410;417;422;427;434;439;440;444;451;456;461
468,469,468,5,P1,7;9;14;20;30;34;41;43;48;49;54;64;68;75;77;82;83;88;98;102;109;111;116;117;122;132;136;143;145;150;151;156;166;170;177;179;184;185;190;200;204;207;211;213;218;219;224;234;238;241;245;247;252;253;258;268;272;275;279;281;286;287;292;302;306;309;311;313;315;320;321;326;336;340;343;345;347;349;354;355;360;370;374;377;379;381;383;389;394;400;404;408;411;413;415;417;422;423;428;434;438;445;447;449;451;457;462
469,470,469,9,P1,8;25;42;49;59;76;83;93;110;117;127;144;151;161;175;178;185;195;209;212;219;229;243;246;253;263;277;280;287;294;297;311;314;321;328;331;345;348;355;362;365;379;382;396;399;413;416;423;430;433;447;450;464;467
470,471,470,4,P1,69;86;103;120;137;154;171;174;188;191;205;208;222;225;239;242;256;259;273;276;290;293;295;297;307;310;324;327;329;331;341;344;358;361;363;365;367;375;378;384;392;395;397;399;401;412;418;429;431;433;435;446;452;463;465;467;469;470
471,472,471,12,P1,4;38;72;106;140;174;208;242;276;310;344;368;378;385;402;412;419;429;436;440;446;453;458;463;470;471
472,473,472,8,P1,14;16;24;26;34;48;50;58;60;68;82;84;92;94;102;116;118;126;128;136;150;152;160;162;170;184;186;194;196;204;211;218;220;228;230;238;245;252;254;262;264;272;279;286;288;296;298;306;313;315;320;322;330;332;340;347;349;354;356;364;366;373;374;381;383;388;390;398;400;406;407;408;415;417;424;432;434;440;442;449;451;459;466;468
473,474,473,6,P1,22;29;49;51;56;63;83;85;90;97;117;119;124;131;151;153;158;165;179;185;187;192;199;212;213;219;221;226;233;246;247;253;255;260;267;280;281;287;289;294;301;314;315;321;323;328;335;348;349;355;357;362;369;382;383;389;391;396;403;416;417;425;430;437;450;451;464;471
474,475,474,9,P1,12;15;23;46;57;80;91;114;125;148;159;182;193;195;216;227;229;250;261;263;284;295;297;299;301;318;329;331;333;335;352;363;365;367;369;386;397;399;401;403;420;431;433;435;437;448;454;464;465;467;469;471
475,476,475,9,P1,13;47;69;81;103;115;137;149;171;183;205;217;239;251;273;285;300;307;319;334;341;353;358;368;375;387;392;402;414;421;433;436;446;448;455;463;465;467;470
476,477,476,0,P2,
477,478,477,8,P1,14;48;82;116;150;184;218;252;286
478,479,478,2,P1,0;27;32;49;61;83;95;117;129;151;163;182;185;197;199;216;219;231;233;250;253;265;267;284;287;299;301;318;333;335;352;367;369;386;401;403;420;435;437;452;454;464;469;471
479,480,479,9,P1,1;12;17;28;35;46;62;80;96;114;130;148;164;182;183;198;216;217;232;250;251;266;284;285;300;318;319;334;352;353;368;376;386;387;393;402;410;418;420;421;427;429;436;437;444;446;448;452;453;454;455;461;463;464;465;467;469;470;471;478;479
480,481,480,3,P1,13;18;21;47;52;55;66;69;81;89;100;103;115;123;134;137;149;157;168;171;183;191;202;205;217;225;236;239;251;259;270;273;285;293;304;319;327;338;353;361;372;377;387;394;395;400;406;411;412;414;419;421;428;429;440;445;446;448;453;455;462;463;465;470;474;479;480
481,482,481,15,P1,16;50;84;118;152;186
482,483,482,14,P1,14;48;51;82;85;116;119;150;153;184;187;218;252;286;320;354;388;422
483,484,483,1,P1,5;22;30;39;49;56;64;73;83;90;98;107;117;124;132;141;151;158;166;175;185;192;200;209;219;226;234;243;253;260;268;277;287;294;302;308;311;321;328;336;342;345;355;362;370;376;379;389;396;404;410;413;423;430;433;438;444;447;452;454;464;467;469;471;472;478;481
484,485,484,9,P1,4;17;23;25;30;38;57;59;64;72;91;93;98;106;125;127;132;140;159;161;166;174;193;195;200;208;227;229;234;242;261;263;268;276;295;297;302;309;310;311;327;329;331;336;343;344;345;361;363;365;370;377;378;379;381;395;397;398;399;411;412;413;415;418;429;431;432;433;438;445;446;447;449;452;453;455;463;465;466;467;469;470;479;480;481;483;484
485,486,485,4,P1,18;52;171;191;205;225;239;259;273;293;307;327;341;361;375;382;395;409;416;419;429;441;450;453;463;470;484;485
486,487,486,4,P1,14;16;48;50;82;84;116;118;150;152;184;186;218;220;252;254;286;288;320;322;354;356;388;390;422;424;456;458;473
487,488,487,14,P1,2;9;31;34;36;43;49;51;65;68;70;77;83;85;99;102;104;111;117;119;133;136;138;145;151;153;167;170;172;179;185;187;201;204;206;213;219;221;226;235;238;240;247;253;255;260;269;272;274;281;287;289;294;303;306;308;315;321;323;328;337;340;342;349;355;357;362;371;374;376;383;389;391;396;405;408;410;417;423;425;430;437;439;442;444;451;454;457;459;461;464;471;476;478;485
488,489,488,5,P1,3;6;26;27;29;30;34;37;40;60;61;63;64;68;71;74;94;95;97;98;102;105;108;128;129;131;132;136;139;142;162;163;165;166;170;173;176;196;197;199;200;204;207;209;210;227;230;231;233;234;238;241;243;244;261;264;265;267;268;272;275;277;278;295;298;299;301;302;306;309;311;312;313;315;329;331;332;333;335;336;340;343;345;346;347;349;363;365;366;367;369;370;374;377;379;380;381;383;397;399;400;401;403;404;411;413;414;415;417;420;427;431;433;434;435;437;442;445;447;448;449;451;454;455;461;462;465;467;468;469;471;478;479;481;482;483;485
489,490,489,13,P1,28;62;86;96;120;130;154;164;188;195;198;222;229;232;256;263;266;290;297;300;314;324;331;334;348;358;365;368;382;399;402;416;421;428;433;436;447;450;455;462;467;470;479;481;484
490,491,490,4,P1,375;409;441
491,492,491,0,P2,
492,493,492,8,P1,7;10;12;34;41;44;46;68;75;78;80;102;109;112;114;136;143;146;148;170;177;180;182;196;204;211;213;214;216;230;231;238;245;247;248;250;264;265;272;279;281;282;284;298;299;306;313;315;316;318;332;333;335;340;347;349;350;352;366;367;369;374;381;383;384;386;400;401;403;406;408;412;415;417;418;420;434;435;437;440;449;451;452;454;461;466;468;469;471;474;478;483;485;486;488
493,494,493,1,P1,0;8;11;13;15;26;30;42;45;47;60;64;76;79;81;94;98;110;113;115;128;132;144;147;149;162;166;178;181;183;196;199;200;212;215;217;230;232;233;234;246;249;251;264;266;267;268;280;283;285;298;300;301;302;314;317;319;332;334;335;348;351;353;366;368;369;382;385;387;400;402;403;416;419;421;427;432;434;436;437;450;451;453;455;461;462;466;468;470;471;478;479;481;483;484;485;487;489
494,495,494,2,P1,1;32;35;86;120;154;188;222;256;290;324;358;392;428;462;479;484
495,496,495,4,P1,69;86;103;120;137;154;171;188;205;222;239;256;273;290;307;324;341;358;375
496,497,496,8,P1,31;65;99;133;167;201
497,498,497,5,P1,2;17;34;36;68;70;102;104;136;138;170;172;204;206;238;240;272;274;306;308;342;376;410;444;447;466;468;478;481;483;485
498,499,498,13,P1,3;5;18;30;37;39;52;64;71;73;98;105;107;132;139;141;166;173;175;200;207;209;234;241;243;268;275;277;302;309;311;336;343;345;370;377;379;404;411;413;432;438;445;447;466;479;481;483;484
499,500,499,2,P1,21;32;55;69;86;89;103;120;123;137;154;157;171;188;191;222;225;256;259;290;293;327;361;395;396;429;430;463;464;484;497;498;499
500,501,500,4,P1,4;38;72;106;140;174;208;242;276;310;327;344;361;378;395;397;412;414;420;429;431;446;448;463;465;474;480;482;497;499;500
